,0
2021-07-01 00:00:00,-0.744910253
2021-07-01 00:15:00,-0.496735707
2021-07-01 00:30:00,-0.509985164
2021-07-01 00:45:00,-0.460689219
2021-07-01 01:00:00,-0.637143832
2021-07-01 01:15:00,-0.65016839
2021-07-01 01:30:00,-0.814884193
2021-07-01 01:45:00,-0.322201034
2021-07-01 02:00:00,-0.463744185
2021-07-01 02:15:00,-0.357565042
2021-07-01 02:30:00,-0.364068792
2021-07-01 02:45:00,-0.608336781
2021-07-01 03:00:00,-0.497520256
2021-07-01 03:15:00,-0.554621268
2021-07-01 03:30:00,-0.463422726
2021-07-01 03:45:00,-0.723455655
2021-07-01 04:00:00,-0.476548679
2021-07-01 04:15:00,-0.872335348
2021-07-01 04:30:00,-0.513937723
2021-07-01 04:45:00,-0.730318743
2021-07-01 05:00:00,0.171549657
2021-07-01 05:15:00,0.252021597
2021-07-01 05:30:00,0.995515805
2021-07-01 05:45:00,1.346012066
2021-07-01 06:00:00,2.27869526
2021-07-01 06:15:00,1.986701776
2021-07-01 06:30:00,2.016624386
2021-07-01 06:45:00,2.129954876
2021-07-01 07:00:00,1.651879836
2021-07-01 07:15:00,1.863803987
2021-07-01 07:30:00,1.92567624
2021-07-01 07:45:00,1.737221458
2021-07-01 08:00:00,1.646421536
2021-07-01 08:15:00,1.602119041
2021-07-01 08:30:00,1.320379888
2021-07-01 08:45:00,1.317728505
2021-07-01 09:00:00,1.233829402
2021-07-01 09:15:00,1.148031135
2021-07-01 09:30:00,0.93272987
2021-07-01 09:45:00,0.910986852
2021-07-01 10:00:00,0.701129295
2021-07-01 10:15:00,0.569617157
2021-07-01 10:30:00,0.290453557
2021-07-01 10:45:00,-0.174190069
2021-07-01 11:00:00,-0.689903042
2021-07-01 11:15:00,-0.810238243
2021-07-01 11:30:00,-0.875168334
2021-07-01 11:45:00,-0.839154534
2021-07-01 12:00:00,-0.92738081
2021-07-01 12:15:00,-0.728209886
2021-07-01 12:30:00,-0.574548576
2021-07-01 12:45:00,-0.544696043
2021-07-01 13:00:00,-0.411984545
2021-07-01 13:15:00,-0.365357116
2021-07-01 13:30:00,-0.394648869
2021-07-01 13:45:00,-0.424585145
2021-07-01 14:00:00,-0.265046493
2021-07-01 14:15:00,-0.35665687
2021-07-01 14:30:00,-0.474039698
2021-07-01 14:45:00,-0.237215337
2021-07-01 15:00:00,-0.264904941
2021-07-01 15:15:00,-0.27053525
2021-07-01 15:30:00,-0.539371478
2021-07-01 15:45:00,-0.648168535
2021-07-01 16:00:00,-0.511961142
2021-07-01 16:15:00,-0.471119454
2021-07-01 16:30:00,-0.866922761
2021-07-01 16:45:00,-0.540352202
2021-07-01 17:00:00,-0.735750959
2021-07-01 17:15:00,-0.719097632
2021-07-01 17:30:00,-0.509008553
2021-07-01 17:45:00,-0.459007548
2021-07-01 18:00:00,-0.239322426
2021-07-01 18:15:00,0.068416777
2021-07-01 18:30:00,0.405344306
2021-07-01 18:45:00,1.123887902
2021-07-01 19:00:00,2.297515017
2021-07-01 19:15:00,2.641256065
2021-07-01 19:30:00,2.234978442
2021-07-01 19:45:00,2.220451757
2021-07-01 20:00:00,1.860671444
2021-07-01 20:15:00,1.917266063
2021-07-01 20:30:00,1.281829955
2021-07-01 20:45:00,1.254347113
2021-07-01 21:00:00,1.789873548
2021-07-01 21:15:00,1.667646492
2021-07-01 21:30:00,1.471995041
2021-07-01 21:45:00,1.392279181
2021-07-01 22:00:00,1.412365245
2021-07-01 22:15:00,1.149368763
2021-07-01 22:30:00,1.093566796
2021-07-01 22:45:00,0.763007016
2021-07-01 23:00:00,0.590556982
2021-07-01 23:15:00,0.566856761
2021-07-01 23:30:00,0.255155173
2021-07-01 23:45:00,-0.083257389
2021-07-02 00:00:00,-0.392499228
2021-07-02 00:15:00,-0.738720711
2021-07-02 00:30:00,-0.956444814
2021-07-02 00:45:00,-0.89654455
2021-07-02 01:00:00,-0.843406039
2021-07-02 01:15:00,-1.522943206
2021-07-02 01:30:00,-0.389834405
2021-07-02 01:45:00,-0.320859304
2021-07-02 02:00:00,-0.486302168
2021-07-02 02:15:00,-0.416440141
2021-07-02 02:30:00,-0.985190076
2021-07-02 02:45:00,-0.583510436
2021-07-02 03:00:00,-0.336232604
2021-07-02 03:15:00,-0.188501115
2021-07-02 03:30:00,-0.527720917
2021-07-02 03:45:00,-0.240460118
2021-07-02 04:00:00,-0.359822713
2021-07-02 04:15:00,-0.763799309
2021-07-02 04:30:00,-0.298677561
2021-07-02 04:45:00,-0.085799602
2021-07-02 05:00:00,-0.525156762
2021-07-02 05:15:00,-0.112265429
2021-07-02 05:30:00,-0.113045289
2021-07-02 05:45:00,0.482710126
2021-07-02 06:00:00,0.75249133
2021-07-02 06:15:00,1.178346297
2021-07-02 06:30:00,1.853656882
2021-07-02 06:45:00,1.836100616
2021-07-02 07:00:00,1.616692661
2021-07-02 07:15:00,1.55685313
2021-07-02 07:30:00,1.620206165
2021-07-02 07:45:00,1.554358296
2021-07-02 08:00:00,1.429777558
2021-07-02 08:15:00,1.500741957
2021-07-02 08:30:00,1.334753689
2021-07-02 08:45:00,1.284741812
2021-07-02 09:00:00,1.227863859
2021-07-02 09:15:00,1.217928838
2021-07-02 09:30:00,1.101950789
2021-07-02 09:45:00,0.976586671
2021-07-02 10:00:00,0.874403299
2021-07-02 10:15:00,0.679961315
2021-07-02 10:30:00,0.640484105
2021-07-02 10:45:00,0.452604401
2021-07-02 11:00:00,0.263072795
2021-07-02 11:15:00,-0.110728748
2021-07-02 11:30:00,-0.567058022
2021-07-02 11:45:00,-0.755158397
2021-07-02 12:00:00,-0.814194329
2021-07-02 12:15:00,-0.859585435
2021-07-02 12:30:00,-0.711451766
2021-07-02 12:45:00,-0.60770515
2021-07-02 13:00:00,-0.60249661
2021-07-02 13:15:00,-0.543055209
2021-07-02 13:30:00,-0.504003832
2021-07-02 13:45:00,-0.311387807
2021-07-02 14:00:00,-0.266793086
2021-07-02 14:15:00,-0.256176939
2021-07-02 14:30:00,-0.264237819
2021-07-02 14:45:00,-0.332353289
2021-07-02 15:00:00,-0.362139494
2021-07-02 15:15:00,-0.349317823
2021-07-02 15:30:00,-0.206196145
2021-07-02 15:45:00,-0.122464508
2021-07-02 16:00:00,-0.282186586
2021-07-02 16:15:00,-0.379485724
2021-07-02 16:30:00,-0.153322332
2021-07-02 16:45:00,-0.298826769
2021-07-02 17:00:00,-0.207267374
2021-07-02 17:15:00,-0.48097807
2021-07-02 17:30:00,-0.288487956
2021-07-02 17:45:00,-0.115387496
2021-07-02 18:00:00,0.011152464
2021-07-02 18:15:00,-0.324437099
2021-07-02 18:30:00,0.504601161
2021-07-02 18:45:00,0.582125772
2021-07-02 19:00:00,1.371580245
2021-07-02 19:15:00,1.894740735
2021-07-02 19:30:00,2.060637214
2021-07-02 19:45:00,1.879668624
2021-07-02 20:00:00,1.40565999
2021-07-02 20:15:00,1.641903901
2021-07-02 20:30:00,1.323600057
2021-07-02 20:45:00,1.449699824
2021-07-02 21:00:00,1.536455669
2021-07-02 21:15:00,1.476011014
2021-07-02 21:30:00,1.513270529
2021-07-02 21:45:00,1.127095965
2021-07-02 22:00:00,1.231549729
2021-07-02 22:15:00,1.139641374
2021-07-02 22:30:00,1.011223332
2021-07-02 22:45:00,0.856590716
2021-07-02 23:00:00,0.633151992
2021-07-02 23:15:00,0.687573697
2021-07-02 23:30:00,0.514283512
2021-07-02 23:45:00,0.351327182
2021-07-03 00:00:00,0.029002745
2021-07-03 00:15:00,-0.555478046
2021-07-03 00:30:00,-1.042403287
2021-07-03 00:45:00,-1.158417586
2021-07-03 01:00:00,-1.111355823
2021-07-03 01:15:00,-0.798128222
2021-07-03 01:30:00,-0.809056377
2021-07-03 01:45:00,-0.332343872
2021-07-03 02:00:00,0.023678883
2021-07-03 02:15:00,-0.348432107
2021-07-03 02:30:00,-0.378553049
2021-07-03 02:45:00,-0.483383796
2021-07-03 03:00:00,-0.329638564
2021-07-03 03:15:00,-0.280521888
2021-07-03 03:30:00,-0.306534066
2021-07-03 03:45:00,-0.19224815
2021-07-03 04:00:00,-0.360024193
2021-07-03 04:15:00,-0.262561506
2021-07-03 04:30:00,-0.331656931
2021-07-03 04:45:00,-0.468942858
2021-07-03 05:00:00,-0.455829904
2021-07-03 05:15:00,-0.328351637
2021-07-03 05:30:00,0.032827419
2021-07-03 05:45:00,-0.08238276
2021-07-03 06:00:00,0.499241783
2021-07-03 06:15:00,0.360732293
2021-07-03 06:30:00,0.732571827
2021-07-03 06:45:00,1.13675427
2021-07-03 07:00:00,1.708109829
2021-07-03 07:15:00,1.706009129
2021-07-03 07:30:00,1.695656585
2021-07-03 07:45:00,1.580724433
2021-07-03 08:00:00,1.432669169
2021-07-03 08:15:00,1.578375949
2021-07-03 08:30:00,1.194692351
2021-07-03 08:45:00,1.162466712
2021-07-03 09:00:00,1.201502313
2021-07-03 09:15:00,1.057293331
2021-07-03 09:30:00,1.025228121
2021-07-03 09:45:00,0.936493961
2021-07-03 10:00:00,0.937430999
2021-07-03 10:15:00,0.850770378
2021-07-03 10:30:00,0.727364138
2021-07-03 10:45:00,0.636549086
2021-07-03 11:00:00,0.471054927
2021-07-03 11:15:00,0.27377257
2021-07-03 11:30:00,0.152233951
2021-07-03 11:45:00,-0.148292263
2021-07-03 12:00:00,-0.764320296
2021-07-03 12:15:00,-0.871761264
2021-07-03 12:30:00,-1.016808825
2021-07-03 12:45:00,-1.027758845
2021-07-03 13:00:00,-0.728865436
2021-07-03 13:15:00,-0.495086227
2021-07-03 13:30:00,-0.380527421
2021-07-03 13:45:00,-0.398037138
2021-07-03 14:00:00,-0.330363981
2021-07-03 14:15:00,-0.325350512
2021-07-03 14:30:00,-0.337044194
2021-07-03 14:45:00,-0.461597498
2021-07-03 15:00:00,-0.51595241
2021-07-03 15:15:00,-0.612744465
2021-07-03 15:30:00,-0.486800065
2021-07-03 15:45:00,-0.712509784
2021-07-03 16:00:00,-0.404047012
2021-07-03 16:15:00,-0.524493854
2021-07-03 16:30:00,-0.536154633
2021-07-03 16:45:00,-0.431465223
2021-07-03 17:00:00,-0.606495069
2021-07-03 17:15:00,-0.497364082
2021-07-03 17:30:00,-0.284865145
2021-07-03 17:45:00,-0.666014843
2021-07-03 18:00:00,-0.499061687
2021-07-03 18:15:00,-0.273852848
2021-07-03 18:30:00,-0.251718099
2021-07-03 18:45:00,-0.442171873
2021-07-03 19:00:00,-0.475031463
2021-07-03 19:15:00,-0.48071675
2021-07-03 19:30:00,-0.153907596
2021-07-03 19:45:00,-0.043643151
2021-07-03 20:00:00,0.152618617
2021-07-03 20:15:00,0.462370567
2021-07-03 20:30:00,1.046160582
2021-07-03 20:45:00,1.740819161
2021-07-03 21:00:00,2.048542861
2021-07-03 21:15:00,2.100169515
2021-07-03 21:30:00,2.039672304
2021-07-03 21:45:00,2.023575822
2021-07-03 22:00:00,1.90574534
2021-07-03 22:15:00,1.94829831
2021-07-03 22:30:00,1.97744634
2021-07-03 22:45:00,1.596894524
2021-07-03 23:00:00,1.718519071
2021-07-03 23:15:00,1.535511369
2021-07-03 23:30:00,1.396334977
2021-07-03 23:45:00,1.24557721
2021-07-04 00:00:00,1.090033576
2021-07-04 00:15:00,1.052456859
2021-07-04 00:30:00,0.490654975
2021-07-04 00:45:00,0.648682425
2021-07-04 01:00:00,0.508479978
2021-07-04 01:15:00,0.203761782
2021-07-04 01:30:00,-0.172285769
2021-07-04 01:45:00,-0.573284327
2021-07-04 02:00:00,-0.850112779
2021-07-04 02:15:00,-0.869687149
2021-07-04 02:30:00,-0.933880789
2021-07-04 02:45:00,-0.879356243
2021-07-04 03:00:00,-0.617881157
2021-07-04 03:15:00,-0.180761964
2021-07-04 03:30:00,-0.339744867
2021-07-04 03:45:00,-0.565260415
2021-07-04 04:00:00,-0.599097789
2021-07-04 04:15:00,-0.550882475
2021-07-04 04:30:00,-0.774490835
2021-07-04 04:45:00,-1.005420837
2021-07-04 05:00:00,-0.694078637
2021-07-04 05:15:00,-0.437885524
2021-07-04 05:30:00,-0.172173161
2021-07-04 05:45:00,-0.128587873
2021-07-04 06:00:00,0.010220306
2021-07-04 06:15:00,-0.060879774
2021-07-04 06:30:00,0.010472809
2021-07-04 06:45:00,-0.062253412
2021-07-04 07:00:00,0.108619153
2021-07-04 07:15:00,0.429317837
2021-07-04 07:30:00,0.478933955
2021-07-04 07:45:00,1.087819954
2021-07-04 08:00:00,1.498712359
2021-07-04 08:15:00,1.870436706
2021-07-04 08:30:00,1.760561075
2021-07-04 08:45:00,1.76075763
2021-07-04 09:00:00,1.590099807
2021-07-04 09:15:00,1.606169258
2021-07-04 09:30:00,1.478868251
2021-07-04 09:45:00,1.408339141
2021-07-04 10:00:00,1.43608347
2021-07-04 10:15:00,1.33749048
2021-07-04 10:30:00,1.267806705
2021-07-04 10:45:00,1.138869929
2021-07-04 11:00:00,1.066438507
2021-07-04 11:15:00,1.004336605
2021-07-04 11:30:00,0.960616157
2021-07-04 11:45:00,0.727192966
2021-07-04 12:00:00,0.570106063
2021-07-04 12:15:00,0.350125386
2021-07-04 12:30:00,0.161969184
2021-07-04 12:45:00,-0.191296778
2021-07-04 13:00:00,-0.531221216
2021-07-04 13:15:00,-0.65119205
2021-07-04 13:30:00,-0.641498779
2021-07-04 13:45:00,-0.628331421
2021-07-04 14:00:00,-0.693187181
2021-07-04 14:15:00,-0.581922326
2021-07-04 14:30:00,-0.464128299
2021-07-04 14:45:00,-0.450607881
2021-07-04 15:00:00,-0.395335661
2021-07-04 15:15:00,-0.541683346
2021-07-04 15:30:00,-0.559185861
2021-07-04 15:45:00,-0.394171973
2021-07-04 16:00:00,-0.426254893
2021-07-04 16:15:00,-0.394655586
2021-07-04 16:30:00,-0.447819711
2021-07-04 16:45:00,-0.569711258
2021-07-04 17:00:00,-0.605456742
2021-07-04 17:15:00,-0.665685757
2021-07-04 17:30:00,-0.418093322
2021-07-04 17:45:00,-0.208058103
2021-07-04 18:00:00,-0.385503028
2021-07-04 18:15:00,-0.443356183
2021-07-04 18:30:00,-0.502375838
2021-07-04 18:45:00,-0.485101944
2021-07-04 19:00:00,-0.599154041
2021-07-04 19:15:00,-0.500331365
2021-07-04 19:30:00,-0.561962188
2021-07-04 19:45:00,-0.569221832
2021-07-04 20:00:00,-0.772066473
2021-07-04 20:15:00,-0.751952713
2021-07-04 20:30:00,-0.730021496
2021-07-04 20:45:00,-0.41849607
2021-07-04 21:00:00,-0.24678143
2021-07-04 21:15:00,0.328335563
2021-07-04 21:30:00,1.51421238
2021-07-04 21:45:00,2.150569955
2021-07-04 22:00:00,1.886239881
2021-07-04 22:15:00,1.813743016
2021-07-04 22:30:00,2.126193717
2021-07-04 22:45:00,1.887911758
2021-07-04 23:00:00,1.778348509
2021-07-04 23:15:00,1.715856367
2021-07-04 23:30:00,1.381385954
2021-07-04 23:45:00,1.692395544
2021-07-05 00:00:00,1.660412381
2021-07-05 00:15:00,1.700965404
2021-07-05 00:30:00,1.392162098
2021-07-05 00:45:00,1.122789395
2021-07-05 01:00:00,0.792807163
2021-07-05 01:15:00,0.986553711
2021-07-05 01:30:00,0.816584408
2021-07-05 01:45:00,0.610288952
2021-07-05 02:00:00,0.384248831
2021-07-05 02:15:00,0.10450009
2021-07-05 02:30:00,-0.358299776
2021-07-05 02:45:00,-0.674093969
2021-07-05 03:00:00,-0.684564521
2021-07-05 03:15:00,-0.672995058
2021-07-05 03:30:00,-0.669481959
2021-07-05 03:45:00,-0.466254881
2021-07-05 04:00:00,-0.303767331
2021-07-05 04:15:00,-0.250867377
2021-07-05 04:30:00,-0.256157396
2021-07-05 04:45:00,-0.219548133
2021-07-05 05:00:00,-0.308668514
2021-07-05 05:15:00,-0.271257239
2021-07-05 05:30:00,-0.254217249
2021-07-05 05:45:00,-0.102023648
2021-07-05 06:00:00,-0.262793224
2021-07-05 06:15:00,0.010061049
2021-07-05 06:30:00,-0.270791103
2021-07-05 06:45:00,-0.084636383
2021-07-05 07:00:00,0.082648168
2021-07-05 07:15:00,-0.159769757
2021-07-05 07:30:00,0.109006232
2021-07-05 07:45:00,0.307982468
2021-07-05 08:00:00,0.135287404
2021-07-05 08:15:00,0.459380839
2021-07-05 08:30:00,0.605628852
2021-07-05 08:45:00,1.305349099
2021-07-05 09:00:00,1.628488657
2021-07-05 09:15:00,1.948198726
2021-07-05 09:30:00,1.750566581
2021-07-05 09:45:00,1.561008719
2021-07-05 10:00:00,1.712815904
2021-07-05 10:15:00,1.366252037
2021-07-05 10:30:00,1.633528038
2021-07-05 10:45:00,1.539445501
2021-07-05 11:00:00,1.268741642
2021-07-05 11:15:00,1.325065745
2021-07-05 11:30:00,1.196424258
2021-07-05 11:45:00,1.232636117
2021-07-05 12:00:00,1.102206834
2021-07-05 12:15:00,1.114590725
2021-07-05 12:30:00,0.816351046
2021-07-05 12:45:00,0.523830742
2021-07-05 13:00:00,0.456451476
2021-07-05 13:15:00,0.38105696
2021-07-05 13:30:00,-0.064448837
2021-07-05 13:45:00,-0.36784836
2021-07-05 14:00:00,-0.444995717
2021-07-05 14:15:00,-0.571568356
2021-07-05 14:30:00,-0.691785553
2021-07-05 14:45:00,-0.72040336
2021-07-05 15:00:00,-0.595893024
2021-07-05 15:15:00,-0.494916409
2021-07-05 15:30:00,-0.376799581
2021-07-05 15:45:00,-0.336481979
2021-07-05 16:00:00,-0.34846946
2021-07-05 16:15:00,-0.43795432
2021-07-05 16:30:00,-0.371973932
2021-07-05 16:45:00,-0.424488805
2021-07-05 17:00:00,-0.37248865
2021-07-05 17:15:00,-0.403818103
2021-07-05 17:30:00,-0.301971185
2021-07-05 17:45:00,-0.354242008
2021-07-05 18:00:00,-0.362035912
2021-07-05 18:15:00,-0.203411037
2021-07-05 18:30:00,-0.352928042
2021-07-05 18:45:00,-0.359743078
2021-07-05 19:00:00,-0.517565542
2021-07-05 19:15:00,-0.526445341
2021-07-05 19:30:00,-0.536270284
2021-07-05 19:45:00,-0.757354473
2021-07-05 20:00:00,-0.661606979
2021-07-05 20:15:00,-0.862652267
2021-07-05 20:30:00,-0.846666984
2021-07-05 20:45:00,-0.744964022
2021-07-05 21:00:00,-0.923611618
2021-07-05 21:15:00,-0.617677567
2021-07-05 21:30:00,-0.709223233
2021-07-05 21:45:00,-0.21958852
2021-07-05 22:00:00,0.187050584
2021-07-05 22:15:00,0.849664302
2021-07-05 22:30:00,2.113572945
2021-07-05 22:45:00,2.126723577
2021-07-05 23:00:00,1.998236081
2021-07-05 23:15:00,1.896666963
2021-07-05 23:30:00,1.741675135
2021-07-05 23:45:00,1.789871594
2021-07-06 00:00:00,1.852514951
2021-07-06 00:15:00,2.043217685
2021-07-06 00:30:00,1.805803052
2021-07-06 00:45:00,1.964602496
2021-07-06 01:00:00,1.627473715
2021-07-06 01:15:00,1.721311506
2021-07-06 01:30:00,1.409294796
2021-07-06 01:45:00,1.262395098
2021-07-06 02:00:00,1.060933645
2021-07-06 02:15:00,0.833797488
2021-07-06 02:30:00,0.77992117
2021-07-06 02:45:00,0.465456453
2021-07-06 03:00:00,0.231901846
2021-07-06 03:15:00,-0.223195706
2021-07-06 03:30:00,-0.459734835
2021-07-06 03:45:00,-0.58189611
2021-07-06 04:00:00,-0.885309794
2021-07-06 04:15:00,-0.683125998
2021-07-06 04:30:00,-1.04201544
2021-07-06 04:45:00,-0.219239068
2021-07-06 05:00:00,-0.18529155
2021-07-06 05:15:00,-0.168924611
2021-07-06 05:30:00,-0.051499332
2021-07-06 05:45:00,-0.175416576
2021-07-06 06:00:00,-0.200000589
2021-07-06 06:15:00,-0.204069474
2021-07-06 06:30:00,-0.273091912
2021-07-06 06:45:00,-0.321980775
2021-07-06 07:00:00,0.032262421
2021-07-06 07:15:00,-0.241126413
2021-07-06 07:30:00,-0.082550822
2021-07-06 07:45:00,-0.177644189
2021-07-06 08:00:00,0.057927303
2021-07-06 08:15:00,0.106649162
2021-07-06 08:30:00,0.083347042
2021-07-06 08:45:00,0.205980258
2021-07-06 09:00:00,0.524994284
2021-07-06 09:15:00,0.71983468
2021-07-06 09:30:00,1.124575294
2021-07-06 09:45:00,1.309108878
2021-07-06 10:00:00,1.878658221
2021-07-06 10:15:00,1.809865605
2021-07-06 10:30:00,1.677688036
2021-07-06 10:45:00,1.654497436
2021-07-06 11:00:00,1.627617527
2021-07-06 11:15:00,1.516801196
2021-07-06 11:30:00,1.370164869
2021-07-06 11:45:00,1.411937217
2021-07-06 12:00:00,1.375763682
2021-07-06 12:15:00,1.229229221
2021-07-06 12:30:00,1.090971018
2021-07-06 12:45:00,1.001716371
2021-07-06 13:00:00,1.031213195
2021-07-06 13:15:00,0.831507792
2021-07-06 13:30:00,0.637304686
2021-07-06 13:45:00,0.52114006
2021-07-06 14:00:00,0.32714892
2021-07-06 14:15:00,0.123348959
2021-07-06 14:30:00,-0.361934867
2021-07-06 14:45:00,-0.680651249
2021-07-06 15:00:00,-1.011630136
2021-07-06 15:15:00,-1.150349672
2021-07-06 15:30:00,-0.999846293
2021-07-06 15:45:00,-0.742273889
2021-07-06 16:00:00,-0.606957412
2021-07-06 16:15:00,-0.505116144
2021-07-06 16:30:00,-0.409532636
2021-07-06 16:45:00,-0.383895018
2021-07-06 17:00:00,-0.415778623
2021-07-06 17:15:00,-0.468794277
2021-07-06 17:30:00,-0.481229935
2021-07-06 17:45:00,-0.536728447
2021-07-06 18:00:00,-0.572055538
2021-07-06 18:15:00,-0.333536791
2021-07-06 18:30:00,-0.435020532
2021-07-06 18:45:00,-0.684269077
2021-07-06 19:00:00,-0.650028422
2021-07-06 19:15:00,-0.563373554
2021-07-06 19:30:00,-0.727213291
2021-07-06 19:45:00,-0.585300128
2021-07-06 20:00:00,-0.754326904
2021-07-06 20:15:00,-0.767398593
2021-07-06 20:30:00,-0.888947353
2021-07-06 20:45:00,-1.152024409
2021-07-06 21:00:00,-0.97211389
2021-07-06 21:15:00,-0.985547904
2021-07-06 21:30:00,-1.142561227
2021-07-06 21:45:00,-1.389319381
2021-07-06 22:00:00,-1.108130297
2021-07-06 22:15:00,-1.027577912
2021-07-06 22:30:00,-0.5840927
2021-07-06 22:45:00,0.460175842
2021-07-06 23:00:00,1.662184866
2021-07-06 23:15:00,2.438415637
2021-07-06 23:30:00,2.529358239
2021-07-06 23:45:00,2.417003609
2021-07-07 00:00:00,2.517682883
2021-07-07 00:15:00,2.394159185
2021-07-07 00:30:00,2.395533822
2021-07-07 00:45:00,2.360981818
2021-07-07 01:00:00,1.893880568
2021-07-07 01:15:00,1.678765603
2021-07-07 01:30:00,2.226181228
2021-07-07 01:45:00,1.787149062
2021-07-07 02:00:00,1.750161486
2021-07-07 02:15:00,1.722685576
2021-07-07 02:30:00,1.190973018
2021-07-07 02:45:00,1.279312936
2021-07-07 03:00:00,1.096646876
2021-07-07 03:15:00,0.8363825
2021-07-07 03:30:00,0.648241246
2021-07-07 03:45:00,0.445121992
2021-07-07 04:00:00,0.099692074
2021-07-07 04:15:00,-0.516007685
2021-07-07 04:30:00,-0.784880271
2021-07-07 04:45:00,-0.861780061
2021-07-07 05:00:00,-0.830708067
2021-07-07 05:15:00,-0.61337625
2021-07-07 05:30:00,-0.293409582
2021-07-07 05:45:00,-0.010904015
2021-07-07 06:00:00,0.008624911
2021-07-07 06:15:00,-0.213711379
2021-07-07 06:30:00,-0.156241495
2021-07-07 06:45:00,-0.26448774
2021-07-07 07:00:00,-0.398408869
2021-07-07 07:15:00,-0.340577118
2021-07-07 07:30:00,-0.235503318
2021-07-07 07:45:00,-0.26229683
2021-07-07 08:00:00,-0.082104041
2021-07-07 08:15:00,-0.106693987
2021-07-07 08:30:00,-0.441715891
2021-07-07 08:45:00,0.154802306
2021-07-07 09:00:00,0.010598739
2021-07-07 09:15:00,0.158090193
2021-07-07 09:30:00,0.060357152
2021-07-07 09:45:00,0.359772149
2021-07-07 10:00:00,0.634553768
2021-07-07 10:15:00,0.878290634
2021-07-07 10:30:00,1.612170154
2021-07-07 10:45:00,2.142858065
2021-07-07 11:00:00,2.018766796
2021-07-07 11:15:00,1.877200602
2021-07-07 11:30:00,1.846477678
2021-07-07 11:45:00,1.691168246
2021-07-07 12:00:00,1.636776883
2021-07-07 12:15:00,1.432118844
2021-07-07 12:30:00,1.202749189
2021-07-07 12:45:00,1.430649923
2021-07-07 13:00:00,1.267332133
2021-07-07 13:15:00,1.169878772
2021-07-07 13:30:00,1.011546932
2021-07-07 13:45:00,0.855629743
2021-07-07 14:00:00,0.867686881
2021-07-07 14:15:00,0.701775981
2021-07-07 14:30:00,0.541193531
2021-07-07 14:45:00,0.257597635
2021-07-07 15:00:00,-0.099524553
2021-07-07 15:15:00,-0.499877445
2021-07-07 15:30:00,-0.72698025
2021-07-07 15:45:00,-0.830059442
2021-07-07 16:00:00,-0.939334732
2021-07-07 16:15:00,-0.920403884
2021-07-07 16:30:00,-0.651793221
2021-07-07 16:45:00,-0.667361997
2021-07-07 17:00:00,-0.50485874
2021-07-07 17:15:00,-0.542616472
2021-07-07 17:30:00,-0.519086507
2021-07-07 17:45:00,-0.429316264
2021-07-07 18:00:00,-0.504242662
2021-07-07 18:15:00,-0.516260177
2021-07-07 18:30:00,-0.528242858
2021-07-07 18:45:00,-0.333844313
2021-07-07 19:00:00,-0.505326972
2021-07-07 19:15:00,-0.348636482
2021-07-07 19:30:00,-0.307086847
2021-07-07 19:45:00,-0.438004594
2021-07-07 20:00:00,-0.751611852
2021-07-07 20:15:00,-0.713839047
2021-07-07 20:30:00,-0.832152218
2021-07-07 20:45:00,-0.739208364
2021-07-07 21:00:00,-0.669511424
2021-07-07 21:15:00,-1.067276302
2021-07-07 21:30:00,-0.999030814
2021-07-07 21:45:00,-1.24085166
2021-07-07 22:00:00,-1.084554101
2021-07-07 22:15:00,-1.302275715
2021-07-07 22:30:00,-1.493706398
2021-07-07 22:45:00,-1.268752225
2021-07-07 23:00:00,-0.796716974
2021-07-07 23:15:00,-0.287373313
2021-07-07 23:30:00,0.880123534
2021-07-07 23:45:00,2.370880571
2021-07-08 00:00:00,2.503358662
2021-07-08 00:15:00,2.712077183
2021-07-08 00:30:00,2.601412388
2021-07-08 00:45:00,2.73340336
2021-07-08 01:00:00,2.744734242
2021-07-08 01:15:00,2.771090397
2021-07-08 01:30:00,2.841516054
2021-07-08 01:45:00,2.632490712
2021-07-08 02:00:00,2.551020312
2021-07-08 02:15:00,1.78385609
2021-07-08 02:30:00,2.211061117
2021-07-08 02:45:00,2.461287674
2021-07-08 03:00:00,2.397762989
2021-07-08 03:15:00,1.835054604
2021-07-08 03:30:00,1.615199896
2021-07-08 03:45:00,1.275844174
2021-07-08 04:00:00,0.965061648
2021-07-08 04:15:00,0.400525709
2021-07-08 04:30:00,0.424423571
2021-07-08 04:45:00,0.414958847
2021-07-08 05:00:00,0.421886602
2021-07-08 05:15:00,0.6659088
2021-07-08 05:30:00,0.799208488
2021-07-08 05:45:00,0.054218282
2021-07-08 06:00:00,-0.401902629
2021-07-08 06:15:00,-0.766729284
2021-07-08 06:30:00,-0.374823636
2021-07-08 06:45:00,-0.357165026
2021-07-08 07:00:00,0.135307939
2021-07-08 07:15:00,-0.039465369
2021-07-08 07:30:00,-0.219107728
2021-07-08 07:45:00,-0.352181049
2021-07-08 08:00:00,-0.041199943
2021-07-08 08:15:00,0.145222177
2021-07-08 08:30:00,0.309190105
2021-07-08 08:45:00,0.066610596
2021-07-08 09:00:00,0.150144166
2021-07-08 09:15:00,0.374625045
2021-07-08 09:30:00,0.15301557
2021-07-08 09:45:00,-0.04444386
2021-07-08 10:00:00,0.098427712
2021-07-08 10:15:00,0.415836083
2021-07-08 10:30:00,0.992741927
2021-07-08 10:45:00,1.816627786
2021-07-08 11:00:00,2.833473702
2021-07-08 11:15:00,2.949684638
2021-07-08 11:30:00,3.054528412
2021-07-08 11:45:00,2.909164456
2021-07-08 12:00:00,3.047225704
2021-07-08 12:15:00,2.793867966
2021-07-08 12:30:00,2.644521507
2021-07-08 12:45:00,2.758269448
2021-07-08 13:00:00,2.532272969
2021-07-08 13:15:00,2.36083985
2021-07-08 13:30:00,2.296651763
2021-07-08 13:45:00,2.371885895
2021-07-08 14:00:00,2.269021263
2021-07-08 14:15:00,2.073535692
2021-07-08 14:30:00,2.20822176
2021-07-08 14:45:00,1.955234389
2021-07-08 15:00:00,1.802624269
2021-07-08 15:15:00,1.824367572
2021-07-08 15:30:00,1.713422883
2021-07-08 15:45:00,1.566123169
2021-07-08 16:00:00,1.457090232
2021-07-08 16:15:00,1.215970307
2021-07-08 16:30:00,1.03411979
2021-07-08 16:45:00,0.55213829
2021-07-08 17:00:00,0.321408608
2021-07-08 17:15:00,0.10542201
2021-07-08 17:30:00,0.131923852
2021-07-08 17:45:00,0.629462671
2021-07-08 18:00:00,0.538682932
2021-07-08 18:15:00,0.678144493
2021-07-08 18:30:00,0.760632024
2021-07-08 18:45:00,0.503122408
2021-07-08 19:00:00,0.957569666
2021-07-08 19:15:00,0.845657517
2021-07-08 19:30:00,0.610840195
2021-07-08 19:45:00,0.600371956
2021-07-08 20:00:00,0.757281574
2021-07-08 20:15:00,0.944273442
2021-07-08 20:30:00,0.411128802
2021-07-08 20:45:00,0.927143042
2021-07-08 21:00:00,0.839762353
2021-07-08 21:15:00,0.694895966
2021-07-08 21:30:00,0.677785156
2021-07-08 21:45:00,0.659267974
2021-07-08 22:00:00,1.130869077
2021-07-08 22:15:00,0.812155968
2021-07-08 22:30:00,0.681442038
2021-07-08 22:45:00,0.969968148
2021-07-08 23:00:00,0.580765159
2021-07-08 23:15:00,0.842388911
2021-07-08 23:30:00,1.075467618
2021-07-08 23:45:00,1.854030303
2021-07-09 00:15:00,3.290455897
2021-07-09 00:30:00,3.64680425
2021-07-09 00:45:00,3.924566378
2021-07-09 01:00:00,4.017971772
2021-07-09 01:15:00,4.119819888
2021-07-09 01:30:00,4.000050903
2021-07-09 01:45:00,3.897476278
2021-07-09 02:00:00,3.622197079
2021-07-09 02:15:00,3.821882954
2021-07-09 02:30:00,3.619136634
2021-07-09 02:45:00,3.493379683
2021-07-09 03:00:00,3.475530786
2021-07-09 03:15:00,3.32288142
2021-07-09 03:30:00,3.093671267
2021-07-09 03:45:00,2.970075103
2021-07-09 04:00:00,2.694200239
2021-07-09 04:15:00,2.69691219
2021-07-09 04:30:00,2.539745648
2021-07-09 04:45:00,2.305474523
2021-07-09 05:00:00,2.191419064
2021-07-09 05:15:00,1.907856188
2021-07-09 05:30:00,1.368298606
2021-07-09 05:45:00,1.227439521
2021-07-09 06:00:00,1.155225931
2021-07-09 06:15:00,1.27455562
2021-07-09 06:30:00,1.592802935
2021-07-09 06:45:00,1.759830963
2021-07-09 07:00:00,1.93570981
2021-07-09 07:15:00,1.916884717
2021-07-09 07:30:00,2.013934334
2021-07-09 07:45:00,1.852199369
2021-07-09 08:00:00,1.932708689
2021-07-09 08:15:00,1.929383723
2021-07-09 08:30:00,2.007554079
2021-07-09 08:45:00,2.21705495
2021-07-09 09:00:00,1.965366909
2021-07-09 09:15:00,1.952687085
2021-07-09 09:30:00,1.980861379
2021-07-09 09:45:00,2.031696912
2021-07-09 10:00:00,2.196415729
2021-07-09 10:15:00,2.219717349
2021-07-09 10:30:00,2.306322043
2021-07-09 10:45:00,2.438402148
2021-07-09 11:00:00,2.96429439
2021-07-09 11:15:00,3.082900573
2021-07-09 11:30:00,3.379816638
2021-07-09 11:45:00,3.586067785
2021-07-09 12:00:00,3.457104334
2021-07-09 12:15:00,3.518665984
2021-07-09 12:30:00,3.506174839
2021-07-09 12:45:00,3.406902694
2021-07-09 13:00:00,3.466516163
2021-07-09 13:15:00,3.629635016
2021-07-09 13:30:00,3.374978279
2021-07-09 13:45:00,3.287098068
2021-07-09 14:00:00,3.185113096
2021-07-09 14:15:00,3.327628048
2021-07-09 14:30:00,3.191653131
2021-07-09 14:45:00,3.093833506
2021-07-09 15:00:00,2.900026066
2021-07-09 15:15:00,2.967922439
2021-07-09 15:30:00,2.794968486
2021-07-09 15:45:00,2.780883037
2021-07-09 16:00:00,2.567706372
2021-07-09 16:15:00,2.5670787
2021-07-09 16:30:00,2.168116572
2021-07-09 16:45:00,1.894622816
2021-07-09 17:00:00,1.816322765
2021-07-09 17:15:00,1.899813239
2021-07-09 17:30:00,1.902369016
2021-07-09 17:45:00,1.997055903
2021-07-09 18:00:00,2.168043907
2021-07-09 18:15:00,2.257592205
2021-07-09 18:30:00,2.117687783
2021-07-09 18:45:00,2.220271677
2021-07-09 19:00:00,2.320931608
2021-07-09 19:15:00,2.196136324
2021-07-09 19:30:00,2.20614934
2021-07-09 19:45:00,2.301687389
2021-07-09 20:00:00,2.376630764
2021-07-09 20:15:00,2.428951292
2021-07-09 20:30:00,2.095580704
2021-07-09 20:45:00,2.339960708
2021-07-09 21:00:00,2.212203964
2021-07-09 21:15:00,1.92091246
2021-07-09 21:30:00,2.061385987
2021-07-09 21:45:00,2.257505708
2021-07-09 22:00:00,1.96916819
2021-07-09 22:15:00,1.972103883
2021-07-09 22:30:00,2.113725053
2021-07-09 22:45:00,1.802757338
2021-07-09 23:00:00,1.711940659
2021-07-09 23:15:00,1.382301271
2021-07-09 23:30:00,1.631307055
2021-07-09 23:45:00,1.821052907
2021-07-10 00:00:00,2.390249435
2021-07-10 00:15:00,3.182980392
2021-07-10 00:30:00,4.121426067
2021-07-10 00:45:00,4.499077013
2021-07-10 01:00:00,4.686139375
2021-07-10 01:15:00,5.161998751
2021-07-10 01:30:00,4.946336051
2021-07-10 01:45:00,5.421874442
2021-07-10 02:00:00,5.252874191
2021-07-10 02:15:00,5.175547422
2021-07-10 02:30:00,5.055411714
2021-07-10 02:45:00,5.13074829
2021-07-10 03:00:00,5.129221496
2021-07-10 03:15:00,4.796486764
2021-07-10 03:30:00,4.634907693
2021-07-10 03:45:00,4.42021518
2021-07-10 04:00:00,4.251136468
2021-07-10 04:15:00,4.036233398
2021-07-10 04:30:00,4.018408454
2021-07-10 04:45:00,3.744918562
2021-07-10 05:00:00,3.508420662
2021-07-10 05:15:00,3.528613218
2021-07-10 05:30:00,3.23795247
2021-07-10 05:45:00,3.039344886
2021-07-10 06:00:00,2.880665791
2021-07-10 06:15:00,2.060859881
2021-07-10 06:30:00,1.808192893
2021-07-10 06:45:00,1.829461691
2021-07-10 07:00:00,2.248266129
2021-07-10 07:15:00,2.560945988
2021-07-10 07:30:00,2.711773931
2021-07-10 07:45:00,2.541526122
2021-07-10 08:00:00,2.628924196
2021-07-10 08:15:00,2.540238851
2021-07-10 08:30:00,2.580839038
2021-07-10 08:45:00,2.339447047
2021-07-10 09:00:00,2.599181709
2021-07-10 09:15:00,2.666244846
2021-07-10 09:30:00,2.422656235
2021-07-10 09:45:00,2.490568505
2021-07-10 10:00:00,2.303883093
2021-07-10 10:15:00,2.48274732
2021-07-10 10:30:00,2.518505028
2021-07-10 10:45:00,2.407001557
2021-07-10 11:00:00,2.482717151
2021-07-10 11:15:00,2.732249382
2021-07-10 11:30:00,2.706409239
2021-07-10 11:45:00,2.72227336
2021-07-10 12:00:00,2.883871125
2021-07-10 12:15:00,3.03035397
2021-07-10 12:30:00,3.202749698
2021-07-10 12:45:00,3.748994805
2021-07-10 13:00:00,4.209204163
2021-07-10 13:15:00,4.209494042
2021-07-10 13:30:00,3.955948767
2021-07-10 13:45:00,4.087189421
2021-07-10 14:00:00,3.828745932
2021-07-10 14:15:00,3.7440228
2021-07-10 14:30:00,3.833536179
2021-07-10 14:45:00,3.571937085
2021-07-10 15:00:00,3.715550365
2021-07-10 15:15:00,3.258118654
2021-07-10 15:30:00,3.261500696
2021-07-10 15:45:00,3.14356167
2021-07-10 16:00:00,3.152104198
2021-07-10 16:15:00,3.006534314
2021-07-10 16:30:00,2.661782844
2021-07-10 16:45:00,2.711593256
2021-07-10 17:00:00,2.399332394
2021-07-10 17:15:00,1.84805647
2021-07-10 17:30:00,1.814345935
2021-07-10 17:45:00,1.740234385
2021-07-10 18:00:00,1.902321068
2021-07-10 18:15:00,1.942413233
2021-07-10 18:30:00,2.094468294
2021-07-10 18:45:00,2.060466318
2021-07-10 19:00:00,1.972742479
2021-07-10 19:15:00,1.891295513
2021-07-10 19:30:00,1.949069928
2021-07-10 19:45:00,2.133816341
2021-07-10 20:00:00,2.031207858
2021-07-10 20:15:00,2.213025749
2021-07-10 20:30:00,1.843659963
2021-07-10 20:45:00,1.931465887
2021-07-10 21:00:00,1.803678898
2021-07-10 21:15:00,1.643257469
2021-07-10 21:30:00,1.575802804
2021-07-10 21:45:00,1.477421643
2021-07-10 22:00:00,1.268942176
2021-07-10 22:15:00,1.185033554
2021-07-10 22:30:00,1.312794331
2021-07-10 22:45:00,1.084836464
2021-07-10 23:00:00,1.267406611
2021-07-10 23:15:00,1.199253333
2021-07-10 23:30:00,1.415055869
2021-07-10 23:45:00,1.142492341
2021-07-11 00:00:00,1.038080853
2021-07-11 00:15:00,1.25591124
2021-07-11 00:30:00,1.236837016
2021-07-11 00:45:00,1.274894601
2021-07-11 01:00:00,1.639149076
2021-07-11 01:15:00,2.504026713
2021-07-11 01:30:00,3.161502556
2021-07-11 01:45:00,3.87846275
2021-07-11 02:00:00,4.422573471
2021-07-11 02:15:00,4.287840377
2021-07-11 02:30:00,4.588199416
2021-07-11 02:45:00,4.781719114
2021-07-11 03:00:00,4.447574831
2021-07-11 03:15:00,4.547934974
2021-07-11 03:30:00,4.498914104
2021-07-11 03:45:00,4.312338761
2021-07-11 04:00:00,4.438617536
2021-07-11 04:15:00,4.200959345
2021-07-11 04:30:00,4.190120379
2021-07-11 04:45:00,3.734471681
2021-07-11 05:00:00,3.654929312
2021-07-11 05:15:00,3.465644699
2021-07-11 05:30:00,3.307514667
2021-07-11 05:45:00,3.143562189
2021-07-11 06:00:00,2.688238195
2021-07-11 06:15:00,2.669822382
2021-07-11 06:30:00,2.371644636
2021-07-11 06:45:00,2.002805042
2021-07-11 07:00:00,1.451814686
2021-07-11 07:15:00,1.27396671
2021-07-11 07:30:00,1.212375687
2021-07-11 07:45:00,1.345758641
2021-07-11 08:00:00,1.688269473
2021-07-11 08:15:00,1.764739447
2021-07-11 08:30:00,1.911372957
2021-07-11 08:45:00,1.926968463
2021-07-11 09:00:00,1.821477818
2021-07-11 09:15:00,1.650590999
2021-07-11 09:30:00,1.817559622
2021-07-11 09:45:00,1.786753502
2021-07-11 10:00:00,1.929207241
2021-07-11 10:15:00,1.799797514
2021-07-11 10:30:00,1.663672253
2021-07-11 10:45:00,1.712052812
2021-07-11 11:00:00,1.57041859
2021-07-11 11:15:00,1.739131131
2021-07-11 11:30:00,1.835630651
2021-07-11 11:45:00,1.93068913
2021-07-11 12:00:00,1.723555221
2021-07-11 12:15:00,1.940530671
2021-07-11 12:30:00,2.078613615
2021-07-11 12:45:00,2.234616394
2021-07-11 13:00:00,2.553990088
2021-07-11 13:15:00,2.951473818
2021-07-11 13:30:00,3.467938026
2021-07-11 13:45:00,3.598588884
2021-07-11 14:00:00,3.642651222
2021-07-11 14:15:00,3.339947825
2021-07-11 14:30:00,3.304546206
2021-07-11 14:45:00,3.135850272
2021-07-11 15:00:00,2.942263556
2021-07-11 15:15:00,2.974975051
2021-07-11 15:30:00,3.074440225
2021-07-11 15:45:00,2.926938052
2021-07-11 16:00:00,2.753006373
2021-07-11 16:15:00,2.676643342
2021-07-11 16:30:00,2.464203431
2021-07-11 16:45:00,2.355590521
2021-07-11 17:00:00,2.37883591
2021-07-11 17:15:00,2.083943773
2021-07-11 17:30:00,2.083266924
2021-07-11 17:45:00,1.796596372
2021-07-11 18:00:00,1.206801289
2021-07-11 18:15:00,1.166987283
2021-07-11 18:30:00,0.845256735
2021-07-11 18:45:00,0.919247591
2021-07-11 19:00:00,0.993225807
2021-07-11 19:15:00,1.142625568
2021-07-11 19:30:00,1.020910922
2021-07-11 19:45:00,1.215812093
2021-07-11 20:00:00,0.949253798
2021-07-11 20:15:00,1.084834926
2021-07-11 20:30:00,0.9415781
2021-07-11 20:45:00,1.075025167
2021-07-11 21:00:00,1.099242894
2021-07-11 21:15:00,1.007275707
2021-07-11 21:30:00,0.768889467
2021-07-11 21:45:00,0.567528848
2021-07-11 22:00:00,0.455804684
2021-07-11 22:15:00,0.84320033
2021-07-11 22:30:00,0.653549099
2021-07-11 22:45:00,0.508611118
2021-07-11 23:00:00,0.46417237
2021-07-11 23:15:00,0.444759287
2021-07-11 23:30:00,0.58893275
2021-07-11 23:45:00,0.040008565
2021-07-12 00:00:00,0.463870327
2021-07-12 00:15:00,0.098198127
2021-07-12 00:30:00,-0.074116052
2021-07-12 00:45:00,0.304871889
2021-07-12 01:00:00,0.366715839
2021-07-12 01:15:00,0.191259377
2021-07-12 01:30:00,0.550705093
2021-07-12 01:45:00,0.94047854
2021-07-12 02:00:00,1.50190327
2021-07-12 02:15:00,2.775722937
2021-07-12 02:30:00,3.220019746
2021-07-12 02:45:00,3.612990639
2021-07-12 03:00:00,3.701835483
2021-07-12 03:15:00,3.936313844
2021-07-12 03:30:00,3.957816759
2021-07-12 03:45:00,3.83014431
2021-07-12 04:00:00,3.722723583
2021-07-12 04:15:00,3.339344892
2021-07-12 04:30:00,3.534814689
2021-07-12 04:45:00,3.34736817
2021-07-12 05:00:00,3.259653004
2021-07-12 05:15:00,3.255236775
2021-07-12 05:30:00,2.91773842
2021-07-12 05:45:00,2.823832825
2021-07-12 06:00:00,2.581368959
2021-07-12 06:15:00,2.281746836
2021-07-12 06:30:00,2.250362928
2021-07-12 06:45:00,2.013483198
2021-07-12 07:00:00,1.785643258
2021-07-12 07:15:00,1.511523299
2021-07-12 07:30:00,1.182259689
2021-07-12 07:45:00,0.710752946
2021-07-12 08:00:00,0.653133813
2021-07-12 08:15:00,0.623649898
2021-07-12 08:30:00,0.680680926
2021-07-12 08:45:00,0.8748718
2021-07-12 09:00:00,1.089965644
2021-07-12 09:15:00,1.113768759
2021-07-12 09:30:00,0.900017763
2021-07-12 09:45:00,1.021263266
2021-07-12 10:00:00,0.961101652
2021-07-12 10:15:00,1.08829964
2021-07-12 10:30:00,0.894911253
2021-07-12 10:45:00,1.042830364
2021-07-12 11:00:00,1.037874811
2021-07-12 11:15:00,1.169616322
2021-07-12 11:30:00,1.121077696
2021-07-12 11:45:00,0.997151225
2021-07-12 12:00:00,1.368609585
2021-07-12 12:15:00,1.120925658
2021-07-12 12:30:00,1.303360244
2021-07-12 12:45:00,1.045923706
2021-07-12 13:00:00,1.278418197
2021-07-12 13:15:00,1.334362584
2021-07-12 13:30:00,1.557706901
2021-07-12 13:45:00,1.939696039
2021-07-12 14:00:00,2.547240557
2021-07-12 14:15:00,2.837646597
2021-07-12 14:30:00,3.004070172
2021-07-12 14:45:00,2.996385913
2021-07-12 15:00:00,3.065461373
2021-07-12 15:15:00,2.743038414
2021-07-12 15:30:00,2.497992212
2021-07-12 15:45:00,2.404570558
2021-07-12 16:00:00,2.320629383
2021-07-12 16:15:00,2.109055707
2021-07-12 16:30:00,2.047462181
2021-07-12 16:45:00,2.12722304
2021-07-12 17:00:00,1.897193148
2021-07-12 17:15:00,1.757406235
2021-07-12 17:30:00,1.679186226
2021-07-12 17:45:00,1.571756703
2021-07-12 18:00:00,1.524008894
2021-07-12 18:15:00,1.226414151
2021-07-12 18:30:00,1.022142065
2021-07-12 18:45:00,0.653855829
2021-07-12 19:00:00,0.660010282
2021-07-12 19:15:00,0.283961433
2021-07-12 19:30:00,0.160434715
2021-07-12 19:45:00,0.224936287
2021-07-12 20:00:00,0.294075993
2021-07-12 20:15:00,0.214635703
2021-07-12 20:30:00,0.399195178
2021-07-12 20:45:00,0.534746376
2021-07-12 21:00:00,0.572805689
2021-07-12 21:15:00,0.48201873
2021-07-12 21:30:00,0.603323688
2021-07-12 21:45:00,0.547910316
2021-07-12 22:00:00,0.604103332
2021-07-12 22:15:00,0.45248579
2021-07-12 22:30:00,0.247631962
2021-07-12 22:45:00,0.590796546
2021-07-12 23:00:00,0.109235888
2021-07-12 23:15:00,0.061045834
2021-07-12 23:30:00,0.214895442
2021-07-12 23:45:00,0.218623968
2021-07-13 00:00:00,-0.120127173
2021-07-13 00:15:00,0.278886895
2021-07-13 00:30:00,0.147328307
2021-07-13 00:45:00,0.204179949
2021-07-13 01:00:00,0.29012044
2021-07-13 01:15:00,0.406159605
2021-07-13 01:30:00,-0.471115628
2021-07-13 01:45:00,0.041228843
2021-07-13 02:00:00,0.764471473
2021-07-13 02:15:00,0.883690673
2021-07-13 02:30:00,1.376722769
2021-07-13 02:45:00,2.02561678
2021-07-13 03:00:00,2.046992129
2021-07-13 03:15:00,2.476395385
2021-07-13 03:30:00,2.90535563
2021-07-13 03:45:00,2.908053664
2021-07-13 04:00:00,2.718067209
2021-07-13 04:15:00,3.296961722
2021-07-13 04:30:00,3.080943643
2021-07-13 04:45:00,3.368456288
2021-07-13 05:00:00,3.241008921
2021-07-13 05:15:00,3.084031917
2021-07-13 05:30:00,2.743714525
2021-07-13 05:45:00,2.62142967
2021-07-13 06:00:00,2.540904093
2021-07-13 06:15:00,2.250885269
2021-07-13 06:30:00,2.058249575
2021-07-13 06:45:00,1.840042623
2021-07-13 07:00:00,1.727514747
2021-07-13 07:15:00,1.637637493
2021-07-13 07:30:00,1.36369109
2021-07-13 07:45:00,1.010282821
2021-07-13 08:00:00,0.55935003
2021-07-13 08:15:00,0.213184426
2021-07-13 08:30:00,0.107183494
2021-07-13 08:45:00,0.133206181
2021-07-13 09:00:00,0.261386645
2021-07-13 09:15:00,0.451856996
2021-07-13 09:30:00,0.28361095
2021-07-13 09:45:00,0.705688173
2021-07-13 10:00:00,0.682831529
2021-07-13 10:15:00,0.502154571
2021-07-13 10:30:00,0.574793201
2021-07-13 10:45:00,0.692033808
2021-07-13 11:00:00,0.601494072
2021-07-13 11:15:00,0.700967573
2021-07-13 11:30:00,0.758394394
2021-07-13 11:45:00,0.818196423
2021-07-13 12:00:00,0.469141328
2021-07-13 12:15:00,0.572074327
2021-07-13 12:30:00,0.510666678
2021-07-13 12:45:00,0.423655863
2021-07-13 13:00:00,0.751896306
2021-07-13 13:15:00,0.834352505
2021-07-13 13:30:00,0.792547892
2021-07-13 13:45:00,1.15506261
2021-07-13 14:00:00,1.161212909
2021-07-13 14:15:00,1.188623651
2021-07-13 14:30:00,1.866725403
2021-07-13 14:45:00,2.504383703
2021-07-13 15:00:00,2.818500061
2021-07-13 15:15:00,2.942626184
2021-07-13 15:30:00,2.895030963
2021-07-13 15:45:00,2.712934908
2021-07-13 16:00:00,2.491917189
2021-07-13 16:15:00,2.479960172
2021-07-13 16:30:00,2.416696009
2021-07-13 16:45:00,2.341889123
2021-07-13 17:00:00,2.13465039
2021-07-13 17:15:00,2.202749414
2021-07-13 17:30:00,1.931102142
2021-07-13 17:45:00,1.901341687
2021-07-13 18:00:00,1.887906882
2021-07-13 18:15:00,1.692806756
2021-07-13 18:30:00,1.702334758
2021-07-13 18:45:00,1.590670801
2021-07-13 19:00:00,1.464746084
2021-07-13 19:15:00,1.225561494
2021-07-13 19:30:00,0.894160709
2021-07-13 19:45:00,0.57219404
2021-07-13 20:00:00,0.473785035
2021-07-13 20:15:00,0.508935753
2021-07-13 20:30:00,0.415633854
2021-07-13 20:45:00,0.312401304
2021-07-13 21:00:00,0.475601696
2021-07-13 21:15:00,0.555886705
2021-07-13 21:30:00,0.715632282
2021-07-13 21:45:00,0.415027478
2021-07-13 22:00:00,0.76216652
2021-07-13 22:15:00,0.696598377
2021-07-13 22:30:00,0.647184769
2021-07-13 22:45:00,0.818979188
2021-07-13 23:00:00,0.835961243
2021-07-13 23:15:00,0.828585349
2021-07-13 23:30:00,0.701264502
2021-07-13 23:45:00,0.956338084
2021-07-14 00:00:00,0.850469915
2021-07-14 00:15:00,0.739661256
2021-07-14 00:30:00,0.828785135
2021-07-14 00:45:00,0.738375068
2021-07-14 01:00:00,0.697141747
2021-07-14 01:15:00,0.841134419
2021-07-14 01:30:00,0.798680818
2021-07-14 01:45:00,0.918882482
2021-07-14 02:00:00,0.623962546
2021-07-14 02:15:00,0.71528298
2021-07-14 02:30:00,0.949025943
2021-07-14 02:45:00,1.241527905
2021-07-14 03:00:00,1.705110541
2021-07-14 03:15:00,2.132489807
2021-07-14 03:30:00,3.077508337
2021-07-14 03:45:00,3.470495952
2021-07-14 04:00:00,4.191230539
2021-07-14 04:15:00,4.250782867
2021-07-14 04:30:00,4.317088446
2021-07-14 04:45:00,4.26169454
2021-07-14 05:00:00,4.071216381
2021-07-14 05:15:00,3.970562374
2021-07-14 05:30:00,3.899714437
2021-07-14 05:45:00,3.985965695
2021-07-14 06:00:00,3.774029365
2021-07-14 06:15:00,3.632047382
2021-07-14 06:30:00,3.530739155
2021-07-14 06:45:00,3.356039191
2021-07-14 07:00:00,3.176199363
2021-07-14 07:15:00,3.126277804
2021-07-14 07:30:00,2.721016282
2021-07-14 07:45:00,2.663921911
2021-07-14 08:00:00,2.633928886
2021-07-14 08:15:00,2.475409312
2021-07-14 08:30:00,2.243618008
2021-07-14 08:45:00,1.834800322
2021-07-14 09:00:00,1.565149953
2021-07-14 09:15:00,1.467280505
2021-07-14 09:30:00,1.461091721
2021-07-14 09:45:00,1.590922934
2021-07-14 10:00:00,1.709750037
2021-07-14 10:15:00,1.773837978
2021-07-14 10:30:00,1.975777501
2021-07-14 10:45:00,2.04911268
2021-07-14 11:00:00,1.968296227
2021-07-14 11:15:00,1.941353144
2021-07-14 11:30:00,1.927662962
2021-07-14 11:45:00,1.948307479
2021-07-14 12:00:00,2.196530286
2021-07-14 12:15:00,2.116883265
2021-07-14 12:30:00,2.164382455
2021-07-14 12:45:00,2.416089215
2021-07-14 13:00:00,2.386126987
2021-07-14 13:15:00,2.51854048
2021-07-14 13:30:00,2.11588923
2021-07-14 13:45:00,2.392965535
2021-07-14 14:00:00,2.296531773
2021-07-14 14:15:00,2.472435497
2021-07-14 14:30:00,2.676731385
2021-07-14 14:45:00,2.726315267
2021-07-14 15:00:00,2.744669265
2021-07-14 15:15:00,2.935941926
2021-07-14 15:30:00,3.549057544
2021-07-14 15:45:00,3.908795647
2021-07-14 16:00:00,4.491162777
2021-07-14 16:15:00,4.465345677
2021-07-14 16:30:00,4.495681041
2021-07-14 16:45:00,4.192413127
2021-07-14 17:00:00,4.05621842
2021-07-14 17:15:00,4.10775169
2021-07-14 17:30:00,4.526865574
2021-07-14 17:45:00,4.221926444
2021-07-14 18:00:00,3.861928156
2021-07-14 18:15:00,3.794422383
2021-07-14 18:30:00,3.805739509
2021-07-14 18:45:00,3.456683198
2021-07-14 19:00:00,3.401796038
2021-07-14 19:15:00,3.4002969
2021-07-14 19:30:00,3.460687174
2021-07-14 19:45:00,3.305676182
2021-07-14 20:00:00,3.096350091
2021-07-14 20:15:00,2.974546819
2021-07-14 20:30:00,2.691572245
2021-07-14 20:45:00,2.460101632
2021-07-14 21:00:00,2.041621149
2021-07-14 21:15:00,1.95736386
2021-07-14 21:30:00,2.097120635
2021-07-14 21:45:00,2.250165437
2021-07-14 22:00:00,2.687285497
2021-07-14 22:15:00,2.558587263
2021-07-14 22:30:00,2.769021026
2021-07-14 22:45:00,2.432708342
2021-07-14 23:00:00,2.263784552
2021-07-14 23:15:00,2.445362823
2021-07-14 23:30:00,2.518097052
2021-07-14 23:45:00,2.74598493
2021-07-15 00:00:00,2.570842866
2021-07-15 00:15:00,2.784014189
2021-07-15 00:30:00,2.599664968
2021-07-15 00:45:00,2.670627062
2021-07-15 01:00:00,2.445973716
2021-07-15 01:15:00,2.587776651
2021-07-15 01:30:00,2.728908137
2021-07-15 01:45:00,2.516065818
2021-07-15 02:00:00,2.212462734
2021-07-15 02:15:00,2.641541712
2021-07-15 02:30:00,2.459878286
2021-07-15 02:45:00,2.814511814
2021-07-15 03:00:00,2.540475533
2021-07-15 03:15:00,2.56167962
2021-07-15 03:30:00,2.773272481
2021-07-15 03:45:00,3.144219071
2021-07-15 04:00:00,3.63595823
2021-07-15 04:15:00,4.202170524
2021-07-15 04:30:00,4.582615084
2021-07-15 04:45:00,4.795187546
2021-07-15 05:00:00,5.466312912
2021-07-15 05:15:00,4.652173635
2021-07-15 05:30:00,5.055190813
2021-07-15 05:45:00,5.014419498
2021-07-15 06:00:00,4.729068831
2021-07-15 06:15:00,4.314106498
2021-07-15 06:30:00,4.376903206
2021-07-15 06:45:00,4.23110251
2021-07-15 07:00:00,4.058277244
2021-07-15 07:15:00,3.83267805
2021-07-15 07:30:00,3.967233868
2021-07-15 07:45:00,3.789394113
2021-07-15 08:00:00,3.679768173
2021-07-15 08:15:00,3.480718413
2021-07-15 08:30:00,3.199957163
2021-07-15 08:45:00,3.186033568
2021-07-15 09:00:00,3.014276865
2021-07-15 09:15:00,2.704706452
2021-07-15 09:30:00,2.236109777
2021-07-15 09:45:00,2.13665476
2021-07-15 10:00:00,2.05760312
2021-07-15 10:15:00,2.23239055
2021-07-15 10:30:00,2.319221286
2021-07-15 10:45:00,2.329889545
2021-07-15 11:00:00,2.532470014
2021-07-15 11:15:00,2.65767584
2021-07-15 11:30:00,2.657757724
2021-07-15 11:45:00,2.75672821
2021-07-15 12:00:00,2.426219435
2021-07-15 12:15:00,2.421734144
2021-07-15 12:30:00,2.345505919
2021-07-15 12:45:00,2.54592167
2021-07-15 13:00:00,2.613640237
2021-07-15 13:15:00,2.845682583
2021-07-15 13:30:00,2.281480535
2021-07-15 13:45:00,2.346004881
2021-07-15 14:00:00,2.45674461
2021-07-15 14:15:00,2.524109764
2021-07-15 14:30:00,2.420734353
2021-07-15 14:45:00,2.811530534
2021-07-15 15:00:00,2.677641685
2021-07-15 15:15:00,2.331937428
2021-07-15 15:30:00,2.4658732
2021-07-15 15:45:00,2.570127515
2021-07-15 16:00:00,2.962820941
2021-07-15 16:15:00,3.004040944
2021-07-15 16:30:00,3.355222908
2021-07-15 16:45:00,3.868776295
2021-07-15 17:00:00,4.019343101
2021-07-15 17:15:00,4.669238092
2021-07-15 17:30:00,4.61922187
2021-07-15 17:45:00,4.773330899
2021-07-15 18:00:00,4.411585291
2021-07-15 18:15:00,4.400575475
2021-07-15 18:30:00,4.762923437
2021-07-15 18:45:00,4.446799054
2021-07-15 19:00:00,4.052061997
2021-07-15 19:15:00,3.972947434
2021-07-15 19:30:00,4.017364268
2021-07-15 19:45:00,3.891954416
2021-07-15 20:00:00,3.448151643
2021-07-15 20:15:00,3.554086091
2021-07-15 20:30:00,3.439681048
2021-07-15 20:45:00,3.186570531
2021-07-15 21:00:00,3.069605192
2021-07-15 21:15:00,2.821400321
2021-07-15 21:30:00,2.610774326
2021-07-15 21:45:00,2.03687802
2021-07-15 22:00:00,2.067273347
2021-07-15 22:15:00,2.012760146
2021-07-15 22:30:00,2.166098746
2021-07-15 22:45:00,1.945054766
2021-07-15 23:00:00,2.183602289
2021-07-15 23:15:00,2.002874961
2021-07-15 23:30:00,2.645305432
2021-07-15 23:45:00,2.166491132
2021-07-16 00:00:00,2.467292195
2021-07-16 00:15:00,2.4739491
2021-07-16 00:30:00,2.477826391
2021-07-16 00:45:00,2.751118691
2021-07-16 01:00:00,2.27836364
2021-07-16 01:15:00,2.36889656
2021-07-16 01:30:00,2.222842569
2021-07-16 01:45:00,2.600435804
2021-07-16 02:00:00,2.175831268
2021-07-16 02:15:00,2.511423793
2021-07-16 02:30:00,2.397315721
2021-07-16 02:45:00,2.562547043
2021-07-16 03:00:00,1.971169172
2021-07-16 03:15:00,2.260641705
2021-07-16 03:30:00,2.420378565
2021-07-16 03:45:00,2.470898088
2021-07-16 04:00:00,2.843800734
2021-07-16 04:15:00,2.748190122
2021-07-16 04:30:00,3.106877891
2021-07-16 04:45:00,3.57622825
2021-07-16 05:00:00,4.104517751
2021-07-16 05:15:00,4.477080492
2021-07-16 05:30:00,4.47764661
2021-07-16 05:45:00,4.68841047
2021-07-16 06:00:00,4.555125812
2021-07-16 06:15:00,4.481745578
2021-07-16 06:30:00,4.63694549
2021-07-16 06:45:00,4.268045428
2021-07-16 07:00:00,4.066548303
2021-07-16 07:15:00,3.779068081
2021-07-16 07:30:00,3.847315303
2021-07-16 07:45:00,3.752382368
2021-07-16 08:00:00,3.728618871
2021-07-16 08:15:00,3.242485263
2021-07-16 08:30:00,3.57077454
2021-07-16 08:45:00,3.365235731
2021-07-16 09:00:00,3.232490375
2021-07-16 09:15:00,3.157468629
2021-07-16 09:30:00,2.947222251
2021-07-16 09:45:00,2.720395938
2021-07-16 10:00:00,2.463474132
2021-07-16 10:15:00,2.192528398
2021-07-16 10:30:00,2.124416536
2021-07-16 10:45:00,2.145355164
2021-07-16 11:00:00,2.245539519
2021-07-16 11:15:00,2.399148317
2021-07-16 11:30:00,2.355250577
2021-07-16 11:45:00,2.170197619
2021-07-16 12:00:00,2.422335606
2021-07-16 12:15:00,2.545344258
2021-07-16 12:30:00,2.426269885
2021-07-16 12:45:00,2.454916371
2021-07-16 13:00:00,2.521779708
2021-07-16 13:15:00,2.561602642
2021-07-16 13:30:00,2.699745088
2021-07-16 13:45:00,2.839332098
2021-07-16 14:00:00,2.339656601
2021-07-16 14:15:00,2.416159073
2021-07-16 14:30:00,2.560127251
2021-07-16 14:45:00,2.379638619
2021-07-16 15:00:00,2.232633333
2021-07-16 15:15:00,2.470436259
2021-07-16 15:30:00,2.285906453
2021-07-16 15:45:00,2.648948712
2021-07-16 16:00:00,2.766400777
2021-07-16 16:15:00,2.935174515
2021-07-16 16:30:00,2.967520124
2021-07-16 16:45:00,2.834595737
2021-07-16 17:00:00,3.175150336
2021-07-16 17:15:00,2.991778335
2021-07-16 17:30:00,3.460592219
2021-07-16 17:45:00,4.284017626
2021-07-16 18:00:00,4.623295608
2021-07-16 18:15:00,4.551676419
2021-07-16 18:30:00,4.51851909
2021-07-16 18:45:00,4.806070258
2021-07-16 19:00:00,4.60273375
2021-07-16 19:15:00,4.639121115
2021-07-16 19:30:00,4.396728692
2021-07-16 19:45:00,4.496728239
2021-07-16 20:00:00,4.406409496
2021-07-16 20:15:00,4.221321981
2021-07-16 20:30:00,3.827096631
2021-07-16 20:45:00,3.321934264
2021-07-16 21:00:00,3.619727617
2021-07-16 21:15:00,3.687338764
2021-07-16 21:30:00,3.348938379
2021-07-16 21:45:00,3.254198059
2021-07-16 22:00:00,3.141230982
2021-07-16 22:15:00,2.972482241
2021-07-16 22:30:00,2.82613119
2021-07-16 22:45:00,2.253930489
2021-07-16 23:00:00,2.108553266
2021-07-16 23:15:00,2.114135676
2021-07-16 23:30:00,2.24665924
2021-07-16 23:45:00,2.474917217
2021-07-17 00:00:00,2.589472157
2021-07-17 00:15:00,2.432764742
2021-07-17 00:30:00,2.513252033
2021-07-17 00:45:00,2.532305914
2021-07-17 01:00:00,2.425944215
2021-07-17 01:15:00,2.605921936
2021-07-17 01:30:00,2.381244361
2021-07-17 01:45:00,2.495848779
2021-07-17 02:00:00,2.544235014
2021-07-17 02:15:00,2.431167459
2021-07-17 02:30:00,2.196324467
2021-07-17 02:45:00,2.471137768
2021-07-17 03:00:00,2.584529058
2021-07-17 03:15:00,2.699386013
2021-07-17 03:30:00,2.342880743
2021-07-17 03:45:00,2.451223931
2021-07-17 04:00:00,2.581179072
2021-07-17 04:15:00,2.201174584
2021-07-17 04:30:00,2.430236535
2021-07-17 04:45:00,2.970763917
2021-07-17 05:00:00,3.083241527
2021-07-17 05:15:00,3.387062482
2021-07-17 05:30:00,3.936552969
2021-07-17 05:45:00,4.35535337
2021-07-17 06:00:00,4.768926662
2021-07-17 06:15:00,4.550296322
2021-07-17 06:30:00,4.615061454
2021-07-17 06:45:00,4.245663349
2021-07-17 07:00:00,4.212826562
2021-07-17 07:15:00,4.353989346
2021-07-17 07:30:00,3.935962973
2021-07-17 07:45:00,3.959752084
2021-07-17 08:00:00,3.725445661
2021-07-17 08:15:00,3.532914919
2021-07-17 08:30:00,3.441073863
2021-07-17 08:45:00,3.434176524
2021-07-17 09:00:00,3.420642629
2021-07-17 09:15:00,3.345211036
2021-07-17 09:30:00,3.161604096
2021-07-17 09:45:00,2.927182107
2021-07-17 10:00:00,2.879470403
2021-07-17 10:15:00,2.717444909
2021-07-17 10:30:00,2.637569539
2021-07-17 10:45:00,2.341536297
2021-07-17 11:00:00,2.238924636
2021-07-17 11:15:00,2.05305212
2021-07-17 11:30:00,2.046186467
2021-07-17 11:45:00,1.978026206
2021-07-17 12:00:00,1.987511916
2021-07-17 12:15:00,2.231160283
2021-07-17 12:30:00,2.150315061
2021-07-17 12:45:00,2.248458389
2021-07-17 13:00:00,2.247759871
2021-07-17 13:15:00,2.093346832
2021-07-17 13:30:00,2.049792995
2021-07-17 13:45:00,1.992295249
2021-07-17 14:00:00,2.243035731
2021-07-17 14:15:00,2.320613606
2021-07-17 14:30:00,2.41780857
2021-07-17 14:45:00,2.233297461
2021-07-17 15:00:00,2.192050059
2021-07-17 15:15:00,2.10176297
2021-07-17 15:30:00,2.100775098
2021-07-17 15:45:00,1.605928145
2021-07-17 16:00:00,1.950705069
2021-07-17 16:15:00,1.842176777
2021-07-17 16:30:00,1.874818028
2021-07-17 16:45:00,2.133017608
2021-07-17 17:00:00,2.164913641
2021-07-17 17:15:00,2.065860227
2021-07-17 17:30:00,1.961079781
2021-07-17 17:45:00,2.169034434
2021-07-17 18:00:00,2.160634364
2021-07-17 18:15:00,2.6318298
2021-07-17 18:30:00,2.79416766
2021-07-17 18:45:00,3.280621844
2021-07-17 19:00:00,3.976630906
2021-07-17 19:15:00,4.356803195
2021-07-17 19:30:00,4.580362636
2021-07-17 19:45:00,4.051211369
2021-07-17 20:00:00,4.150406219
2021-07-17 20:15:00,3.867144406
2021-07-17 20:30:00,3.910727311
2021-07-17 20:45:00,3.848942737
2021-07-17 21:00:00,3.530589284
2021-07-17 21:15:00,3.64677122
2021-07-17 21:30:00,3.456929021
2021-07-17 21:45:00,3.289820702
2021-07-17 22:00:00,3.106854951
2021-07-17 22:15:00,2.959157621
2021-07-17 22:30:00,2.889834733
2021-07-17 22:45:00,2.75447309
2021-07-17 23:00:00,2.577271618
2021-07-17 23:15:00,2.479947125
2021-07-17 23:30:00,2.193730335
2021-07-17 23:45:00,1.754954732
2021-07-18 00:00:00,1.579693019
2021-07-18 00:15:00,1.377868633
2021-07-18 00:30:00,1.372422364
2021-07-18 00:45:00,1.466859292
2021-07-18 01:00:00,1.676818013
2021-07-18 01:15:00,1.845242072
2021-07-18 01:30:00,2.08247814
2021-07-18 01:45:00,1.786513082
2021-07-18 02:00:00,1.831480398
2021-07-18 02:15:00,1.997026205
2021-07-18 02:30:00,1.875009053
2021-07-18 02:45:00,1.65969362
2021-07-18 03:00:00,1.799554875
2021-07-18 03:15:00,1.854244806
2021-07-18 03:30:00,1.931026348
2021-07-18 03:45:00,1.98510346
2021-07-18 04:00:00,1.970035979
2021-07-18 04:15:00,1.858895406
2021-07-18 04:30:00,1.836412249
2021-07-18 04:45:00,2.122480589
2021-07-18 05:00:00,1.973976329
2021-07-18 05:15:00,2.380128849
2021-07-18 05:30:00,2.146307384
2021-07-18 05:45:00,2.31719145
2021-07-18 06:00:00,2.617489113
2021-07-18 06:15:00,3.119081874
2021-07-18 06:30:00,3.491487872
2021-07-18 06:45:00,3.372203604
2021-07-18 07:00:00,3.525902977
2021-07-18 07:15:00,3.221853212
2021-07-18 07:30:00,3.387599503
2021-07-18 07:45:00,3.33243496
2021-07-18 08:00:00,2.932324076
2021-07-18 08:15:00,3.025731445
2021-07-18 08:30:00,2.69856192
2021-07-18 08:45:00,2.682093609
2021-07-18 09:00:00,2.700886212
2021-07-18 09:15:00,2.755036751
2021-07-18 09:30:00,2.535748627
2021-07-18 09:45:00,2.41953039
2021-07-18 10:00:00,2.361724237
2021-07-18 10:15:00,2.292160197
2021-07-18 10:30:00,2.143150692
2021-07-18 10:45:00,2.057492842
2021-07-18 11:00:00,1.98284085
2021-07-18 11:15:00,1.869411903
2021-07-18 11:30:00,1.660345461
2021-07-18 11:45:00,1.420758477
2021-07-18 12:00:00,1.385890698
2021-07-18 12:15:00,1.352555007
2021-07-18 12:30:00,1.322146394
2021-07-18 12:45:00,1.280762189
2021-07-18 13:00:00,1.470615932
2021-07-18 13:15:00,1.514951794
2021-07-18 13:30:00,1.403366775
2021-07-18 14:00:00,1.639325971
2021-07-18 14:15:00,1.450356489
2021-07-18 14:30:00,1.48142343
2021-07-18 14:45:00,1.72563597
2021-07-18 15:00:00,1.599235709
2021-07-18 15:15:00,1.796227216
2021-07-18 15:30:00,1.610845534
2021-07-18 15:45:00,1.69613197
2021-07-18 16:00:00,1.732963566
2021-07-18 16:15:00,1.519070626
2021-07-18 16:30:00,1.645614998
2021-07-18 16:45:00,1.131183599
2021-07-18 17:00:00,1.809763513
2021-07-18 17:15:00,1.497975321
2021-07-18 17:30:00,1.171362715
2021-07-18 17:45:00,1.857555539
2021-07-18 18:00:00,1.288294322
2021-07-18 18:15:00,1.651012806
2021-07-18 18:30:00,1.619270564
2021-07-18 18:45:00,1.474055679
2021-07-18 19:00:00,2.059534889
2021-07-18 19:15:00,2.06987903
2021-07-18 19:30:00,2.670099122
2021-07-18 19:45:00,3.183646667
2021-07-18 20:00:00,3.885434993
2021-07-18 20:15:00,3.86163785
2021-07-18 20:30:00,4.326508744
2021-07-18 20:45:00,4.141888924
2021-07-18 21:00:00,3.718868463
2021-07-18 21:15:00,4.214161372
2021-07-18 21:30:00,3.436913003
2021-07-18 21:45:00,3.511949793
2021-07-18 22:00:00,3.418220025
2021-07-18 22:15:00,3.549838253
2021-07-18 22:30:00,3.145744558
2021-07-18 22:45:00,3.202648807
2021-07-18 23:00:00,2.935565347
2021-07-18 23:15:00,2.956203055
2021-07-18 23:30:00,2.765265685
2021-07-18 23:45:00,2.697085872
2021-07-19 00:00:00,2.40945527
2021-07-19 00:15:00,2.363783942
2021-07-19 00:30:00,2.059628478
2021-07-19 00:45:00,1.664453943
2021-07-19 01:00:00,1.257314697
2021-07-19 01:15:00,1.177033406
2021-07-19 01:30:00,1.197753856
2021-07-19 01:45:00,1.417016413
2021-07-19 02:00:00,1.575731742
2021-07-19 02:15:00,1.667509424
2021-07-19 02:30:00,1.434196687
2021-07-19 02:45:00,1.523585027
2021-07-19 03:00:00,1.92537831
2021-07-19 03:15:00,1.9084342
2021-07-19 03:30:00,1.729285494
2021-07-19 03:45:00,1.809162157
2021-07-19 04:00:00,1.447384121
2021-07-19 04:15:00,1.715387857
2021-07-19 04:30:00,1.462160345
2021-07-19 04:45:00,1.577677259
2021-07-19 05:00:00,1.76316171
2021-07-19 05:15:00,1.674549804
2021-07-19 05:30:00,1.580916467
2021-07-19 05:45:00,2.218902973
2021-07-19 06:00:00,1.810875753
2021-07-19 06:15:00,1.899209943
2021-07-19 06:30:00,2.127793477
2021-07-19 06:45:00,2.126288049
2021-07-19 07:00:00,2.663233522
2021-07-19 07:15:00,3.12448034
2021-07-19 07:30:00,3.296224076
2021-07-19 07:45:00,3.55169692
2021-07-19 08:00:00,3.289405748
2021-07-19 08:15:00,3.381990074
2021-07-19 08:30:00,3.180449452
2021-07-19 08:45:00,3.014595393
2021-07-19 09:00:00,3.087241999
2021-07-19 09:15:00,3.008254078
2021-07-19 09:30:00,2.880791965
2021-07-19 09:45:00,2.564268831
2021-07-19 10:00:00,2.792406573
2021-07-19 10:15:00,2.587968242
2021-07-19 10:30:00,2.601518662
2021-07-19 10:45:00,2.500063996
2021-07-19 11:00:00,2.402951592
2021-07-19 11:15:00,2.245537901
2021-07-19 11:30:00,2.178913595
2021-07-19 11:45:00,2.127857169
2021-07-19 12:00:00,2.043463645
2021-07-19 12:15:00,1.9416959
2021-07-19 12:30:00,1.807353044
2021-07-19 12:45:00,1.616886383
2021-07-19 13:00:00,1.457381698
2021-07-19 13:15:00,1.422932018
2021-07-19 13:30:00,1.48694602
2021-07-19 13:45:00,1.44313395
2021-07-19 14:00:00,1.44358234
2021-07-19 14:15:00,1.457860758
2021-07-19 14:30:00,1.594384408
2021-07-19 14:45:00,1.6070975
2021-07-19 15:00:00,1.700283937
2021-07-19 15:15:00,1.951073793
2021-07-19 15:30:00,1.546057759
2021-07-19 15:45:00,1.693633878
2021-07-19 16:00:00,1.868310569
2021-07-19 16:15:00,1.389034318
2021-07-19 16:30:00,1.402758351
2021-07-19 16:45:00,1.947811144
2021-07-19 17:00:00,1.649915142
2021-07-19 17:15:00,1.453371623
2021-07-19 17:30:00,1.420847988
2021-07-19 17:45:00,1.838139412
2021-07-19 18:00:00,1.77871104
2021-07-19 18:15:00,1.535235513
2021-07-19 18:30:00,1.822947636
2021-07-19 18:45:00,1.408790724
2021-07-19 19:00:00,1.620857022
2021-07-19 19:15:00,1.947432838
2021-07-19 19:30:00,1.448750039
2021-07-19 19:45:00,1.298770632
2021-07-19 20:00:00,1.28474731
2021-07-19 20:15:00,2.210505523
2021-07-19 20:30:00,1.536260211
2021-07-19 20:45:00,2.088361966
2021-07-19 21:00:00,2.851183338
2021-07-19 21:15:00,4.020257232
2021-07-19 21:30:00,4.380737127
2021-07-19 21:45:00,4.416584503
2021-07-19 22:00:00,4.512719649
2021-07-19 22:15:00,4.201322583
2021-07-19 22:30:00,4.383047506
2021-07-19 22:45:00,4.528963767
2021-07-19 23:00:00,4.133738197
2021-07-19 23:15:00,4.049204624
2021-07-19 23:30:00,4.066822191
2021-07-19 23:45:00,3.877010409
2021-07-20 00:00:00,3.798384241
2021-07-20 00:15:00,3.765826303
2021-07-20 00:30:00,3.354180874
2021-07-20 00:45:00,2.999203822
2021-07-20 01:00:00,2.99534893
2021-07-20 01:15:00,2.887665753
2021-07-20 01:30:00,2.738988829
2021-07-20 01:45:00,2.500879472
2021-07-20 02:00:00,2.101836766
2021-07-20 02:15:00,1.385673564
2021-07-20 02:30:00,1.429427597
2021-07-20 02:45:00,1.278492148
2021-07-20 03:00:00,1.462930555
2021-07-20 03:15:00,1.625028037
2021-07-20 03:30:00,2.147638441
2021-07-20 03:45:00,1.939321106
2021-07-20 04:00:00,2.165883898
2021-07-20 04:15:00,2.167975492
2021-07-20 04:30:00,1.954688033
2021-07-20 04:45:00,1.894795493
2021-07-20 05:00:00,1.992729038
2021-07-20 05:15:00,2.065467488
2021-07-20 05:30:00,2.13510584
2021-07-20 05:45:00,2.162626777
2021-07-20 06:00:00,2.345837759
2021-07-20 06:15:00,2.448101864
2021-07-20 06:30:00,2.190129177
2021-07-20 06:45:00,2.011531386
2021-07-20 07:00:00,2.509916781
2021-07-20 07:15:00,2.819765423
2021-07-20 07:30:00,2.746175384
2021-07-20 07:45:00,3.016920064
2021-07-20 08:00:00,3.356045443
2021-07-20 08:15:00,3.356692165
2021-07-20 08:30:00,3.42224863
2021-07-20 08:45:00,3.448586131
2021-07-20 09:00:00,3.267620614
2021-07-20 09:15:00,3.403484986
2021-07-20 09:30:00,3.069207366
2021-07-20 09:45:00,3.186569946
2021-07-20 10:00:00,3.090567524
2021-07-20 10:15:00,2.761818133
2021-07-20 10:30:00,2.954578974
2021-07-20 10:45:00,3.042233025
2021-07-20 11:00:00,2.884459133
2021-07-20 11:15:00,2.828004311
2021-07-20 11:30:00,2.741300041
2021-07-20 11:45:00,2.633162618
2021-07-20 12:00:00,2.519372292
2021-07-20 12:15:00,2.479667937
2021-07-20 12:30:00,2.428760738
2021-07-20 12:45:00,2.383443198
2021-07-20 13:00:00,2.382585418
2021-07-20 13:15:00,2.227001606
2021-07-20 13:30:00,2.083114687
2021-07-20 13:45:00,1.858849623
2021-07-20 14:00:00,1.731107734
2021-07-20 14:15:00,1.84538485
2021-07-20 14:30:00,1.816131534
2021-07-20 14:45:00,1.718371963
2021-07-20 15:00:00,1.81398244
2021-07-20 15:15:00,2.378214513
2021-07-20 15:30:00,2.314862742
2021-07-20 15:45:00,2.426427405
2021-07-20 16:00:00,2.109902467
2021-07-20 16:15:00,2.137032367
2021-07-20 16:30:00,2.346777059
2021-07-20 16:45:00,2.387917373
2021-07-20 17:00:00,2.293177859
2021-07-20 17:15:00,2.256007045
2021-07-20 17:30:00,2.213832981
2021-07-20 17:45:00,2.28560739
2021-07-20 18:00:00,2.406279126
2021-07-20 18:15:00,2.359815605
2021-07-20 18:30:00,2.283248358
2021-07-20 18:45:00,2.301678303
2021-07-20 19:00:00,2.372934562
2021-07-20 19:15:00,2.20517543
2021-07-20 19:30:00,2.163046887
2021-07-20 19:45:00,2.225569648
2021-07-20 20:00:00,2.093026462
2021-07-20 20:15:00,2.09565554
2021-07-20 20:30:00,1.953315091
2021-07-20 20:45:00,1.891362903
2021-07-20 21:00:00,1.824691778
2021-07-20 21:15:00,2.403424205
2021-07-20 21:30:00,2.123101486
2021-07-20 21:45:00,2.98983678
2021-07-20 22:00:00,3.916094078
2021-07-20 22:15:00,5.050222177
2021-07-20 22:30:00,5.04846705
2021-07-20 22:45:00,5.455612166
2021-07-20 23:00:00,5.527194871
2021-07-20 23:15:00,5.067383187
2021-07-20 23:30:00,5.468543954
2021-07-20 23:45:00,4.989023812
2021-07-21 00:00:00,5.24407014
2021-07-21 00:15:00,5.544591416
2021-07-21 00:30:00,5.093843083
2021-07-21 00:45:00,4.709612354
2021-07-21 01:00:00,4.707749395
2021-07-21 01:15:00,4.602336837
2021-07-21 01:30:00,4.302839726
2021-07-21 01:45:00,4.136780944
2021-07-21 02:00:00,3.763270553
2021-07-21 02:15:00,3.880756646
2021-07-21 02:30:00,3.471195237
2021-07-21 02:45:00,3.335965531
2021-07-21 03:00:00,3.153108579
2021-07-21 03:15:00,2.990720556
2021-07-21 03:30:00,2.416202777
2021-07-21 03:45:00,2.249817454
2021-07-21 04:00:00,2.317300282
2021-07-21 04:15:00,2.427951682
2021-07-21 04:30:00,2.471341755
2021-07-21 04:45:00,2.5962959
2021-07-21 05:00:00,2.630370533
2021-07-21 05:15:00,2.696551206
2021-07-21 05:30:00,2.824233266
2021-07-21 05:45:00,2.665359607
2021-07-21 06:00:00,2.792780457
2021-07-21 06:15:00,2.851857646
2021-07-21 06:30:00,2.884009501
2021-07-21 06:45:00,2.595759192
2021-07-21 07:00:00,2.848193043
2021-07-21 07:15:00,2.919243222
2021-07-21 07:30:00,2.725441901
2021-07-21 07:45:00,3.005213178
2021-07-21 08:00:00,3.16286429
2021-07-21 08:15:00,3.268445316
2021-07-21 08:30:00,3.090867587
2021-07-21 08:45:00,3.496206649
2021-07-21 09:00:00,3.782677755
2021-07-21 09:15:00,4.242281187
2021-07-21 09:30:00,4.582171043
2021-07-21 09:45:00,5.03252472
2021-07-21 10:00:00,4.630308065
2021-07-21 10:15:00,4.306523616
2021-07-21 10:30:00,4.481286432
2021-07-21 10:45:00,4.679965377
2021-07-21 11:00:00,4.380115384
2021-07-21 11:15:00,4.43588692
2021-07-21 11:30:00,3.959836353
2021-07-21 11:45:00,4.17636308
2021-07-21 12:00:00,3.839011079
2021-07-21 12:15:00,3.907828419
2021-07-21 12:30:00,3.721431805
2021-07-21 12:45:00,3.655592035
2021-07-21 13:00:00,3.645767016
2021-07-21 13:15:00,3.448320479
2021-07-21 13:30:00,3.378427258
2021-07-21 13:45:00,3.508024972
2021-07-21 14:00:00,3.269395815
2021-07-21 14:15:00,3.291451872
2021-07-21 14:30:00,3.183082929
2021-07-21 14:45:00,2.850337731
2021-07-21 15:00:00,2.624691203
2021-07-21 15:15:00,2.554917903
2021-07-21 15:30:00,2.513446866
2021-07-21 15:45:00,2.512561969
2021-07-21 16:00:00,2.644191334
2021-07-21 16:15:00,2.951900861
2021-07-21 16:30:00,2.645506251
2021-07-21 16:45:00,2.96214133
2021-07-21 17:00:00,2.752163461
2021-07-21 17:15:00,2.736400896
2021-07-21 17:30:00,3.085514955
2021-07-21 17:45:00,3.060531027
2021-07-21 18:00:00,2.63523418
2021-07-21 18:15:00,2.921794443
2021-07-21 18:30:00,2.736509457
2021-07-21 18:45:00,2.588001614
2021-07-21 19:00:00,2.694339661
2021-07-21 19:15:00,2.852801386
2021-07-21 19:30:00,2.737955109
2021-07-21 19:45:00,3.048946483
2021-07-21 20:00:00,2.458527795
2021-07-21 20:15:00,2.84939546
2021-07-21 20:30:00,2.65840627
2021-07-21 20:45:00,2.924137138
2021-07-21 21:00:00,2.776677846
2021-07-21 21:15:00,2.564803504
2021-07-21 21:30:00,2.31477628
2021-07-21 21:45:00,1.996491124
2021-07-21 22:00:00,2.079550553
2021-07-21 22:15:00,2.549950267
2021-07-21 22:30:00,2.000340133
2021-07-21 22:45:00,3.161187125
2021-07-21 23:00:00,3.732349631
2021-07-21 23:15:00,4.865314709
2021-07-21 23:30:00,5.942681651
2021-07-21 23:45:00,5.756776247
2021-07-22 00:00:00,5.761471042
2021-07-22 00:15:00,5.720508789
2021-07-22 00:30:00,5.876087981
2021-07-22 00:45:00,5.732669089
2021-07-22 01:00:00,5.971382628
2021-07-22 01:15:00,5.527796817
2021-07-22 01:30:00,5.970202494
2021-07-22 01:45:00,5.505257645
2021-07-22 02:00:00,5.719910211
2021-07-22 02:15:00,5.04635026
2021-07-22 02:30:00,4.888148306
2021-07-22 02:45:00,4.765482389
2021-07-22 03:00:00,4.599351411
2021-07-22 03:15:00,4.103940415
2021-07-22 03:30:00,4.015419249
2021-07-22 03:45:00,3.8223502
2021-07-22 04:00:00,3.603301823
2021-07-22 04:15:00,3.17770967
2021-07-22 04:30:00,2.534575408
2021-07-22 04:45:00,2.269540235
2021-07-22 05:00:00,2.27849368
2021-07-22 05:15:00,2.724538552
2021-07-22 05:30:00,2.923965996
2021-07-22 05:45:00,2.997011578
2021-07-22 06:00:00,2.907128233
2021-07-22 06:15:00,3.00112047
2021-07-22 06:30:00,3.246065812
2021-07-22 06:45:00,3.119939338
2021-07-22 07:00:00,2.977145956
2021-07-22 07:15:00,2.994602295
2021-07-22 07:30:00,3.096747719
2021-07-22 07:45:00,3.10666196
2021-07-22 08:00:00,2.99993819
2021-07-22 08:15:00,2.958685606
2021-07-22 08:30:00,2.959892685
2021-07-22 08:45:00,3.0522174
2021-07-22 09:00:00,3.021789903
2021-07-22 09:15:00,2.908180945
2021-07-22 09:30:00,2.887628465
2021-07-22 09:45:00,3.286732838
2021-07-22 10:00:00,3.509709854
2021-07-22 10:15:00,3.736100513
2021-07-22 10:30:00,4.351531686
2021-07-22 10:45:00,4.811639614
2021-07-22 11:00:00,4.826151066
2021-07-22 11:15:00,5.024571969
2021-07-22 11:30:00,4.747236981
2021-07-22 11:45:00,4.643233544
2021-07-22 12:00:00,4.401701751
2021-07-22 12:15:00,4.428200826
2021-07-22 12:30:00,4.143077371
2021-07-22 12:45:00,4.196100627
2021-07-22 13:00:00,4.057146425
2021-07-22 13:15:00,3.880908372
2021-07-22 13:30:00,3.845924242
2021-07-22 13:45:00,3.642589569
2021-07-22 14:00:00,3.459285299
2021-07-22 14:15:00,3.474283134
2021-07-22 14:30:00,3.550898215
2021-07-22 14:45:00,3.605144755
2021-07-22 15:00:00,3.862389519
2021-07-22 15:15:00,3.755774913
2021-07-22 15:30:00,3.40209063
2021-07-22 15:45:00,3.024367342
2021-07-22 16:00:00,3.140292364
2021-07-22 16:15:00,2.971409942
2021-07-22 16:30:00,3.025307751
2021-07-22 16:45:00,3.174371554
2021-07-22 17:00:00,3.540331239
2021-07-22 17:15:00,3.322567761
2021-07-22 17:30:00,3.419820383
2021-07-22 17:45:00,3.436831104
2021-07-22 18:00:00,3.605642817
2021-07-22 18:15:00,3.817257531
2021-07-22 18:30:00,4.049362013
2021-07-22 18:45:00,3.89389984
2021-07-22 19:00:00,4.34117231
2021-07-22 19:15:00,4.100193431
2021-07-22 19:30:00,4.187104564
2021-07-22 19:45:00,3.947654951
2021-07-22 20:00:00,4.157410707
2021-07-22 20:15:00,3.690982993
2021-07-22 20:30:00,3.629694723
2021-07-22 20:45:00,3.944342252
2021-07-22 21:00:00,3.821117889
2021-07-22 21:15:00,3.860579048
2021-07-22 21:30:00,4.010574883
2021-07-22 21:45:00,4.017319056
2021-07-22 22:00:00,3.159947212
2021-07-22 22:15:00,3.811824245
2021-07-22 22:30:00,3.072103923
2021-07-22 22:45:00,3.391829336
2021-07-22 23:00:00,3.430039692
2021-07-22 23:15:00,3.399049477
2021-07-22 23:30:00,4.373766278
2021-07-22 23:45:00,4.730132365
2021-07-23 00:00:00,5.849393855
2021-07-23 00:15:00,6.672151959
2021-07-23 00:30:00,6.846154231
2021-07-23 00:45:00,7.77308852
2021-07-23 01:00:00,7.909471944
2021-07-23 01:15:00,8.353459486
2021-07-23 01:30:00,8.390366156
2021-07-23 01:45:00,8.257224523
2021-07-23 02:00:00,8.301863763
2021-07-23 02:15:00,9.159154007
2021-07-23 02:30:00,8.486056323
2021-07-23 02:45:00,8.732259136
2021-07-23 03:00:00,8.66264273
2021-07-23 03:15:00,8.499361626
2021-07-23 03:30:00,7.848318839
2021-07-23 03:45:00,8.041380565
2021-07-23 04:00:00,8.003773911
2021-07-23 04:15:00,7.576665977
2021-07-23 04:30:00,6.706690775
2021-07-23 04:45:00,6.694800742
2021-07-23 05:00:00,6.259204622
2021-07-23 05:15:00,6.017130511
2021-07-23 05:30:00,5.673070045
2021-07-23 05:45:00,5.578649741
2021-07-23 06:00:00,5.323971348
2021-07-23 06:15:00,5.064929508
2021-07-23 06:30:00,5.563472893
2021-07-23 06:45:00,5.998238542
2021-07-23 07:00:00,5.875090272
2021-07-23 07:15:00,5.975362965
2021-07-23 07:30:00,6.111460169
2021-07-23 07:45:00,5.970790106
2021-07-23 08:00:00,5.389327588
2021-07-23 08:15:00,5.667747404
2021-07-23 08:30:00,5.560188871
2021-07-23 08:45:00,5.930550043
2021-07-23 09:00:00,5.856582917
2021-07-23 09:15:00,6.330640446
2021-07-23 09:30:00,5.659790789
2021-07-23 09:45:00,6.367154344
2021-07-23 10:00:00,6.219330747
2021-07-23 10:15:00,6.427620841
2021-07-23 10:30:00,5.686063702
2021-07-23 10:45:00,6.038483971
2021-07-23 11:00:00,6.191173149
2021-07-23 11:15:00,6.276964903
2021-07-23 11:30:00,6.667228411
2021-07-23 11:45:00,6.990202925
2021-07-23 12:00:00,7.135700608
2021-07-23 12:15:00,7.625549677
2021-07-23 12:30:00,7.573346703
2021-07-23 12:45:00,7.895264641
2021-07-23 13:00:00,7.904866661
2021-07-23 13:15:00,7.726498603
2021-07-23 13:30:00,7.321448715
2021-07-23 13:45:00,7.221499835
2021-07-23 14:00:00,7.190022804
2021-07-23 14:15:00,6.619960262
2021-07-23 14:30:00,7.093558916
2021-07-23 14:45:00,6.887152625
2021-07-23 15:00:00,6.827896637
2021-07-23 15:15:00,6.805906443
2021-07-23 15:30:00,6.597349329
2021-07-23 15:45:00,6.399260847
2021-07-23 16:00:00,6.504474836
2021-07-23 16:15:00,6.485065004
2021-07-23 16:30:00,6.260056149
2021-07-23 16:45:00,6.169906072
2021-07-23 17:00:00,5.869801201
2021-07-23 17:15:00,5.287649649
2021-07-23 17:30:00,5.129243617
2021-07-23 17:45:00,5.312590942
2021-07-23 18:00:00,5.433842034
2021-07-23 18:15:00,5.707075953
2021-07-23 18:30:00,5.560811323
2021-07-23 18:45:00,5.880985569
2021-07-23 19:00:00,5.888412648
2021-07-23 19:15:00,5.718899019
2021-07-23 19:30:00,5.875222534
2021-07-23 19:45:00,5.606528745
2021-07-23 20:00:00,5.709577917
2021-07-23 20:15:00,6.083597284
2021-07-23 20:30:00,5.561497075
2021-07-23 20:45:00,5.757595839
2021-07-23 21:00:00,4.956317193
2021-07-23 21:15:00,5.215390001
2021-07-23 21:30:00,5.180013448
2021-07-23 21:45:00,5.360081108
2021-07-23 22:00:00,4.806158567
2021-07-23 22:15:00,4.545512952
2021-07-23 22:30:00,4.183512138
2021-07-23 22:45:00,4.700471092
2021-07-23 23:00:00,2.562156809
2021-07-23 23:15:00,3.250421176
2021-07-23 23:30:00,2.517425601
2021-07-23 23:45:00,2.013886386
2021-07-24 00:00:00,-1.85154645
2021-07-24 00:15:00,0.1769762
2021-07-24 00:30:00,1.133114255
2021-07-24 00:45:00,0.611237823
2021-07-24 01:00:00,-0.816147755
2021-07-24 01:15:00,2.098628229
2021-07-24 01:30:00,5.391863754
2021-07-24 01:45:00,6.576673344
2021-07-24 02:00:00,6.957749059
2021-07-24 02:15:00,8.560397232
2021-07-24 02:30:00,7.982001382
2021-07-24 02:45:00,9.512256824
2021-07-24 03:00:00,9.547927156
2021-07-24 03:15:00,10.19771285
2021-07-24 03:30:00,9.475664346
2021-07-24 03:45:00,10.13359827
2021-07-24 04:00:00,10.21652745
2021-07-24 04:15:00,9.750770273
2021-07-24 04:30:00,9.387687637
2021-07-24 04:45:00,8.769249411
2021-07-24 05:00:00,6.338446256
2021-07-24 05:15:00,9.217641067
2021-07-24 05:30:00,8.76352593
2021-07-24 05:45:00,8.385207151
2021-07-24 06:00:00,7.400258961
2021-07-24 06:15:00,7.366166726
2021-07-24 06:30:00,7.3450362
2021-07-24 06:45:00,6.661061993
2021-07-24 07:00:00,5.858547185
2021-07-24 07:15:00,5.360642909
2021-07-24 07:30:00,5.567741883
2021-07-24 07:45:00,5.555615179
2021-07-24 08:00:00,5.367678337
2021-07-24 08:15:00,5.721116849
2021-07-24 08:30:00,6.022642785
2021-07-24 08:45:00,5.797870224
2021-07-24 09:00:00,5.715485435
2021-07-24 09:15:00,5.597437843
2021-07-24 09:30:00,5.595957659
2021-07-24 09:45:00,5.533467725
2021-07-24 10:00:00,5.517669183
2021-07-24 10:15:00,5.707235328
2021-07-24 10:30:00,5.575109128
2021-07-24 10:45:00,5.434454965
2021-07-24 11:00:00,5.45009722
2021-07-24 11:15:00,5.460940353
2021-07-24 11:30:00,5.378954967
2021-07-24 11:45:00,5.635577218
2021-07-24 12:00:00,4.933778759
2021-07-24 12:15:00,5.691664163
2021-07-24 12:30:00,6.059676864
2021-07-24 12:45:00,6.137904281
2021-07-24 13:00:00,7.103232026
2021-07-24 13:15:00,6.893710115
2021-07-24 13:30:00,7.334331569
2021-07-24 13:45:00,6.967786613
2021-07-24 14:00:00,7.342688563
2021-07-24 14:15:00,7.220088719
2021-07-24 14:30:00,7.607760693
2021-07-24 14:45:00,7.475099874
2021-07-24 15:00:00,7.265180166
2021-07-24 15:15:00,7.05111218
2021-07-24 15:30:00,6.798315975
2021-07-24 15:45:00,6.506699691
2021-07-24 16:00:00,6.512450555
2021-07-24 16:15:00,6.152571326
2021-07-24 16:30:00,6.096205656
2021-07-24 16:45:00,5.742683849
2021-07-24 17:00:00,5.448311005
2021-07-24 17:15:00,4.931819653
2021-07-24 17:30:00,5.123935961
2021-07-24 17:45:00,5.164473755
2021-07-24 18:00:00,4.476861303
2021-07-24 18:15:00,4.091698282
2021-07-24 18:30:00,3.768319064
2021-07-24 18:45:00,3.883693814
2021-07-24 19:00:00,4.102651225
2021-07-24 19:15:00,4.293744102
2021-07-24 19:30:00,4.409524911
2021-07-24 19:45:00,4.604061701
2021-07-24 20:00:00,4.724198296
2021-07-24 20:15:00,4.698920862
2021-07-24 20:30:00,4.332663507
2021-07-24 20:45:00,4.572219158
2021-07-24 21:00:00,4.573239595
2021-07-24 21:15:00,4.093577009
2021-07-24 21:30:00,4.230521442
2021-07-24 21:45:00,3.978658231
2021-07-24 22:00:00,3.898121223
2021-07-24 22:15:00,3.4299839
2021-07-24 22:30:00,3.521208024
2021-07-24 22:45:00,3.948909618
2021-07-24 23:00:00,3.501264861
2021-07-24 23:15:00,3.211144481
2021-07-24 23:30:00,3.378440895
2021-07-24 23:45:00,2.979674194
2021-07-25 00:00:00,2.809116965
2021-07-25 00:15:00,2.661731603
2021-07-25 00:30:00,2.41350655
2021-07-25 00:45:00,1.904426589
2021-07-25 01:00:00,2.082004931
2021-07-25 01:15:00,2.257479494
2021-07-25 01:30:00,2.972583701
2021-07-25 01:45:00,3.928755446
2021-07-25 02:00:00,5.357055128
2021-07-25 02:15:00,6.240659832
2021-07-25 02:30:00,6.661315293
2021-07-25 02:45:00,6.754251579
2021-07-25 03:00:00,7.315469933
2021-07-25 03:15:00,7.460137741
2021-07-25 03:30:00,6.943353964
2021-07-25 03:45:00,7.139299866
2021-07-25 04:00:00,7.077357398
2021-07-25 04:15:00,7.444830262
2021-07-25 04:30:00,6.913209467
2021-07-25 04:45:00,6.327234688
2021-07-25 05:00:00,6.663568236
2021-07-25 05:15:00,6.491106434
2021-07-25 05:30:00,6.160736566
2021-07-25 05:45:00,5.943596006
2021-07-25 06:00:00,5.513239587
2021-07-25 06:15:00,5.472831327
2021-07-25 06:30:00,4.702021188
2021-07-25 06:45:00,4.89493355
2021-07-25 07:00:00,4.325787197
2021-07-25 07:15:00,4.00457903
2021-07-25 07:30:00,2.785241803
2021-07-25 07:45:00,3.02600061
2021-07-25 08:00:00,2.761017973
2021-07-25 08:15:00,3.231379581
2021-07-25 08:30:00,3.356834467
2021-07-25 08:45:00,3.829628955
2021-07-25 09:00:00,3.570990682
2021-07-25 09:15:00,3.553075765
2021-07-25 09:30:00,3.330709391
2021-07-25 09:45:00,3.422150797
2021-07-25 10:00:00,3.440261958
2021-07-25 10:15:00,3.189815769
2021-07-25 10:30:00,3.541862455
2021-07-25 10:45:00,3.476151291
2021-07-25 11:00:00,3.022967944
2021-07-25 11:15:00,3.27970743
2021-07-25 11:30:00,3.24953737
2021-07-25 11:45:00,2.576237254
2021-07-25 12:00:00,2.800296409
2021-07-25 12:15:00,2.890343162
2021-07-25 12:30:00,2.589325821
2021-07-25 12:45:00,2.614450885
2021-07-25 13:00:00,3.086392713
2021-07-25 13:15:00,2.846396455
2021-07-25 13:30:00,3.782304316
2021-07-25 13:45:00,4.04015616
2021-07-25 14:00:00,4.97259214
2021-07-25 14:15:00,5.38235155
2021-07-25 14:30:00,5.360712113
2021-07-25 14:45:00,5.118888126
2021-07-25 15:00:00,5.372887654
2021-07-25 15:15:00,5.22851195
2021-07-25 15:30:00,5.049882484
2021-07-25 15:45:00,4.747060486
2021-07-25 16:00:00,4.531856152
2021-07-25 16:15:00,4.699102817
2021-07-25 16:30:00,4.608375923
2021-07-25 16:45:00,4.404245499
2021-07-25 17:00:00,4.138352383
2021-07-25 17:15:00,3.951135156
2021-07-25 17:30:00,3.666339732
2021-07-25 17:45:00,3.475960372
2021-07-25 18:00:00,3.299664283
2021-07-25 18:15:00,3.302895407
2021-07-25 18:30:00,2.91248885
2021-07-25 18:45:00,2.493242351
2021-07-25 19:00:00,2.18821158
2021-07-25 19:15:00,1.944275798
2021-07-25 19:30:00,2.067217913
2021-07-25 19:45:00,2.205374863
2021-07-25 20:00:00,2.279304937
2021-07-25 20:15:00,2.507738322
2021-07-25 20:30:00,2.122871376
2021-07-25 20:45:00,2.227268639
2021-07-25 21:00:00,2.236180022
2021-07-25 21:15:00,2.667797062
2021-07-25 21:30:00,2.120494111
2021-07-25 21:45:00,2.412914811
2021-07-25 22:00:00,2.461705351
2021-07-25 22:15:00,2.199120764
2021-07-25 22:30:00,2.266034692
2021-07-25 22:45:00,1.933270154
2021-07-25 23:00:00,1.939451861
2021-07-25 23:15:00,2.137217946
2021-07-25 23:30:00,2.003211954
2021-07-25 23:45:00,1.578667798
2021-07-26 00:00:00,2.06495879
2021-07-26 00:15:00,1.918806127
2021-07-26 00:30:00,1.231862565
2021-07-26 00:45:00,0.435033828
2021-07-26 01:00:00,2.302484622
2021-07-26 01:15:00,0.754849355
2021-07-26 01:30:00,1.825069162
2021-07-26 01:45:00,2.661954441
2021-07-26 02:00:00,1.443116529
2021-07-26 02:15:00,2.276401625
2021-07-26 02:30:00,2.809851731
2021-07-26 02:45:00,4.50955593
2021-07-26 03:00:00,4.855136377
2021-07-26 03:15:00,4.970991126
2021-07-26 03:30:00,5.467779591
2021-07-26 03:45:00,5.434265061
2021-07-26 04:00:00,5.506076166
2021-07-26 04:15:00,5.561514376
2021-07-26 04:30:00,5.511850657
2021-07-26 04:45:00,5.549081526
2021-07-26 05:00:00,5.188770191
2021-07-26 05:15:00,5.024812102
2021-07-26 05:30:00,4.938477519
2021-07-26 05:45:00,5.171823197
2021-07-26 06:00:00,4.649722555
2021-07-26 06:15:00,4.433860651
2021-07-26 06:30:00,3.799562794
2021-07-26 06:45:00,4.082183529
2021-07-26 07:00:00,3.617411878
2021-07-26 07:15:00,3.197695969
2021-07-26 07:30:00,2.530759243
2021-07-26 07:45:00,2.297702685
2021-07-26 08:00:00,1.915443309
2021-07-26 08:15:00,1.593874846
2021-07-26 08:30:00,1.83018677
2021-07-26 08:45:00,1.268690446
2021-07-26 09:00:00,1.671824728
2021-07-26 09:15:00,1.655009612
2021-07-26 09:30:00,1.668739832
2021-07-26 09:45:00,1.898502314
2021-07-26 10:00:00,2.093140481
2021-07-26 10:15:00,1.793497927
2021-07-26 10:30:00,2.109589598
2021-07-26 10:45:00,2.365898791
2021-07-26 11:00:00,1.756022842
2021-07-26 11:15:00,2.083118769
2021-07-26 11:30:00,1.066056959
2021-07-26 11:45:00,1.673644116
2021-07-26 12:00:00,1.355497931
2021-07-26 12:15:00,2.112726997
2021-07-26 12:30:00,1.568289491
2021-07-26 12:45:00,1.071323588
2021-07-26 13:00:00,1.770885695
2021-07-26 13:15:00,2.956882477
2021-07-26 13:30:00,2.030972394
2021-07-26 13:45:00,1.425150225
2021-07-26 14:00:00,1.83095534
2021-07-26 14:15:00,2.090283762
2021-07-26 14:30:00,2.73614475
2021-07-26 14:45:00,3.465589322
2021-07-26 15:00:00,3.874476841
2021-07-26 15:15:00,4.117024025
2021-07-26 15:30:00,3.96625226
2021-07-26 15:45:00,3.760107695
2021-07-26 16:00:00,4.05496197
2021-07-26 16:15:00,4.098461618
2021-07-26 16:30:00,3.797833276
2021-07-26 16:45:00,3.70403261
2021-07-26 17:00:00,3.709596663
2021-07-26 17:15:00,3.238613209
2021-07-26 17:30:00,3.344746644
2021-07-26 17:45:00,3.178203798
2021-07-26 18:00:00,3.280418701
2021-07-26 18:15:00,2.750712458
2021-07-26 18:30:00,2.623085625
2021-07-26 18:45:00,2.813799134
2021-07-26 19:00:00,2.188269328
2021-07-26 19:15:00,2.118434522
2021-07-26 19:30:00,1.660706063
2021-07-26 19:45:00,1.08993112
2021-07-26 20:00:00,0.913459038
2021-07-26 20:15:00,1.727530041
2021-07-26 20:30:00,1.160363189
2021-07-26 20:45:00,0.868915157
2021-07-26 21:00:00,1.60151854
2021-07-26 21:15:00,1.564413808
2021-07-26 21:30:00,2.12636834
2021-07-26 21:45:00,1.835250932
2021-07-26 22:00:00,0.342044829
2021-07-26 22:15:00,0.860106535
2021-07-26 22:30:00,0.532202622
2021-07-26 22:45:00,1.330264183
2021-07-26 23:00:00,1.227954034
2021-07-26 23:15:00,1.409784831
2021-07-26 23:30:00,1.08573883
2021-07-26 23:45:00,-0.916364523
2021-07-27 00:00:00,-0.487088361
2021-07-27 00:15:00,-0.212972507
2021-07-27 00:30:00,-0.787325192
2021-07-27 00:45:00,0.099523436
2021-07-27 01:00:00,0.276979723
2021-07-27 01:15:00,0.191336957
2021-07-27 01:30:00,-1.822605295
2021-07-27 01:45:00,-0.017168222
2021-07-27 02:00:00,-0.6941043
2021-07-27 02:15:00,-1.197038331
2021-07-27 02:30:00,-0.048903444
2021-07-27 02:45:00,-0.300396962
2021-07-27 03:00:00,0.986592475
2021-07-27 03:15:00,3.094891128
2021-07-27 03:30:00,3.823529888
2021-07-27 03:45:00,4.31467023
2021-07-27 04:00:00,4.338109882
2021-07-27 04:15:00,4.439364689
2021-07-27 04:30:00,4.556408659
2021-07-27 04:45:00,4.402606921
2021-07-27 05:00:00,4.185373811
2021-07-27 05:15:00,4.308058709
2021-07-27 05:30:00,4.197848771
2021-07-27 05:45:00,4.320321771
2021-07-27 06:00:00,3.952201685
2021-07-27 06:15:00,4.252603359
2021-07-27 06:30:00,3.649071676
2021-07-27 06:45:00,3.366145335
2021-07-27 07:00:00,3.318587529
2021-07-27 07:15:00,2.871791004
2021-07-27 07:30:00,2.782996642
2021-07-27 07:45:00,2.490657767
2021-07-27 08:00:00,2.358953085
2021-07-27 08:15:00,1.808729464
2021-07-27 08:30:00,1.510429815
2021-07-27 08:45:00,0.963470136
2021-07-27 09:00:00,0.693594054
2021-07-27 09:15:00,1.479740173
2021-07-27 09:30:00,1.165828175
2021-07-27 09:45:00,2.455053852
2021-07-27 10:00:00,1.674251562
2021-07-27 10:15:00,1.542860104
2021-07-27 10:30:00,1.789793341
2021-07-27 10:45:00,1.149008234
2021-07-27 11:00:00,1.890730823
2021-07-27 11:15:00,0.902128471
2021-07-27 11:30:00,0.967757963
2021-07-27 11:45:00,1.368127128
2021-07-27 12:00:00,0.859813496
2021-07-27 12:15:00,1.367873329
2021-07-27 12:30:00,1.566846689
2021-07-27 12:45:00,1.924868758
2021-07-27 13:00:00,2.75837236
2021-07-27 13:15:00,2.326076968
2021-07-27 13:30:00,2.224713754
2021-07-27 13:45:00,1.118986885
2021-07-27 14:00:00,1.460246717
2021-07-27 14:15:00,0.509274919
2021-07-27 14:30:00,1.436037271
2021-07-27 14:45:00,1.93080323
2021-07-27 15:00:00,2.516273922
2021-07-27 15:15:00,2.013213003
2021-07-27 15:30:00,2.237471319
2021-07-27 15:45:00,2.946690141
2021-07-27 16:00:00,3.499448717
2021-07-27 16:15:00,3.449081777
2021-07-27 16:30:00,3.363734117
2021-07-27 16:45:00,3.556365763
2021-07-27 17:00:00,3.701648699
2021-07-27 17:15:00,3.513469983
2021-07-27 17:30:00,3.278987185
2021-07-27 17:45:00,3.340453815
2021-07-27 18:00:00,2.949320587
2021-07-27 18:15:00,3.033004953
2021-07-27 18:30:00,2.683220181
2021-07-27 18:45:00,2.599452859
2021-07-27 19:00:00,2.690562473
2021-07-27 19:15:00,2.351391395
2021-07-27 19:30:00,2.384288332
2021-07-27 19:45:00,1.783531484
2021-07-27 20:00:00,1.786311687
2021-07-27 20:15:00,1.595484907
2021-07-27 20:30:00,0.740030756
2021-07-27 20:45:00,0.564186275
2021-07-27 21:00:00,-0.138272945
2021-07-27 21:15:00,0.420303237
2021-07-27 21:30:00,0.503143109
2021-07-27 21:45:00,1.41857834
2021-07-27 22:00:00,-1.222402746
2021-07-27 22:15:00,1.839038513
2021-07-27 22:30:00,0.749991473
2021-07-27 22:45:00,0.175901107
2021-07-27 23:00:00,2.377982162
2021-07-27 23:15:00,2.548518622
2021-07-27 23:30:00,0.66338286
2021-07-27 23:45:00,1.185991669
2021-07-28 00:00:00,0.921350028
2021-07-28 00:15:00,0.989354598
2021-07-28 00:30:00,1.139555462
2021-07-28 00:45:00,1.292820157
2021-07-28 01:00:00,0.399058656
2021-07-28 01:15:00,-0.12797417
2021-07-28 01:30:00,1.519303366
2021-07-28 01:45:00,1.280346766
2021-07-28 02:00:00,0.012722061
2021-07-28 02:15:00,0.928302919
2021-07-28 02:30:00,0.102608751
2021-07-28 02:45:00,-1.013067139
2021-07-28 03:00:00,-1.844933979
2021-07-28 03:15:00,0.381827347
2021-07-28 03:30:00,0.600060314
2021-07-28 03:45:00,2.579097032
2021-07-28 04:00:00,2.012184864
2021-07-28 04:15:00,3.260118226
2021-07-28 04:30:00,3.985914229
2021-07-28 04:45:00,4.651293421
2021-07-28 05:00:00,4.015290332
2021-07-28 05:15:00,4.324411517
2021-07-28 05:30:00,4.577332326
2021-07-28 05:45:00,4.156631799
2021-07-28 06:00:00,3.612562229
2021-07-28 06:15:00,3.812785761
2021-07-28 06:30:00,3.613498713
2021-07-28 06:45:00,3.895444563
2021-07-28 07:00:00,3.623950375
2021-07-28 07:15:00,3.354154174
2021-07-28 07:30:00,3.065367701
2021-07-28 07:45:00,2.694010442
2021-07-28 08:00:00,2.57848035
2021-07-28 08:15:00,2.061989749
2021-07-28 08:30:00,2.169619481
2021-07-28 08:45:00,1.888505046
2021-07-28 09:00:00,1.748803046
2021-07-28 09:15:00,1.773336191
2021-07-28 09:30:00,0.760402807
2021-07-28 09:45:00,1.039547652
2021-07-28 10:00:00,0.449206527
2021-07-28 10:15:00,0.106502891
2021-07-28 10:30:00,0.926100338
2021-07-28 10:45:00,1.075393966
2021-07-28 11:00:00,1.522918982
2021-07-28 11:15:00,1.704384556
2021-07-28 11:30:00,1.628525252
2021-07-28 11:45:00,0.892744717
2021-07-28 12:00:00,1.373771527
2021-07-28 12:15:00,1.093979463
2021-07-28 12:30:00,1.258195416
2021-07-28 12:45:00,1.182581376
2021-07-28 13:00:00,0.705849604
2021-07-28 13:15:00,1.80106131
2021-07-28 13:30:00,1.162989935
2021-07-28 13:45:00,1.155483954
2021-07-28 14:00:00,0.935447806
2021-07-28 14:15:00,0.172430242
2021-07-28 14:30:00,0.011849762
2021-07-28 14:45:00,1.637049359
2021-07-28 15:00:00,0.765326591
2021-07-28 15:15:00,0.068727924
2021-07-28 15:30:00,0.894890913
2021-07-28 15:45:00,0.270284529
2021-07-28 16:00:00,1.275793016
2021-07-28 16:15:00,2.670754912
2021-07-28 16:30:00,3.368415142
2021-07-28 16:45:00,3.635106109
2021-07-28 17:00:00,3.608586827
2021-07-28 17:15:00,3.862810444
2021-07-28 17:30:00,3.758068612
2021-07-28 17:45:00,3.820506458
2021-07-28 18:00:00,3.576525616
2021-07-28 18:15:00,3.24134143
2021-07-28 18:30:00,3.318375536
2021-07-28 18:45:00,3.33048406
2021-07-28 19:00:00,3.200331416
2021-07-28 19:15:00,3.163409895
2021-07-28 19:30:00,2.892617131
2021-07-28 19:45:00,2.685121585
2021-07-28 20:00:00,2.427164382
2021-07-28 20:15:00,2.341272462
2021-07-28 20:30:00,1.979096271
2021-07-28 20:45:00,2.113702168
2021-07-28 21:00:00,1.556457751
2021-07-28 21:15:00,0.805408172
2021-07-28 21:30:00,0.227446998
2021-07-28 21:45:00,1.578674562
2021-07-28 22:00:00,-0.127636706
2021-07-28 22:15:00,1.12675788
2021-07-28 22:30:00,1.017626526
2021-07-28 22:45:00,1.606371115
2021-07-28 23:00:00,0.894060341
2021-07-28 23:15:00,2.113988777
2021-07-28 23:30:00,1.792001003
2021-07-28 23:45:00,1.215881675
2021-07-29 00:00:00,1.77124784
2021-07-29 00:15:00,2.125189447
2021-07-29 00:30:00,0.737232954
2021-07-29 00:45:00,2.150636677
2021-07-29 01:00:00,1.152491826
2021-07-29 01:15:00,3.464172287
2021-07-29 01:30:00,0.707515986
2021-07-29 01:45:00,2.18304403
2021-07-29 02:00:00,2.376188756
2021-07-29 02:15:00,2.211593828
2021-07-29 02:30:00,3.451431105
2021-07-29 02:45:00,2.979963431
2021-07-29 03:00:00,2.666884366
2021-07-29 03:15:00,3.131784752
2021-07-29 03:30:00,1.57177376
2021-07-29 03:45:00,2.9753814
2021-07-29 04:00:00,2.688882167
2021-07-29 04:15:00,1.973016536
2021-07-29 04:30:00,2.781021208
2021-07-29 04:45:00,4.165127518
2021-07-29 05:00:00,3.982992789
2021-07-29 05:15:00,4.078884888
2021-07-29 05:30:00,4.433706966
2021-07-29 05:45:00,4.16616023
2021-07-29 06:00:00,3.923476633
2021-07-29 06:15:00,3.626931481
2021-07-29 06:30:00,4.018243351
2021-07-29 06:45:00,4.124997397
2021-07-29 07:00:00,3.412785317
2021-07-29 07:15:00,3.64236436
2021-07-29 07:30:00,3.254371477
2021-07-29 07:45:00,3.252072938
2021-07-29 08:00:00,3.22859427
2021-07-29 08:15:00,3.031913531
2021-07-29 08:30:00,2.636112501
2021-07-29 08:45:00,2.559799436
2021-07-29 09:00:00,2.560482212
2021-07-29 09:15:00,2.213361076
2021-07-29 09:30:00,1.984310251
2021-07-29 09:45:00,1.552568379
2021-07-29 10:00:00,1.082258773
2021-07-29 10:15:00,0.949016263
2021-07-29 10:30:00,0.950580639
2021-07-29 10:45:00,1.672421839
2021-07-29 11:00:00,1.561161438
2021-07-29 11:15:00,1.663090614
2021-07-29 11:30:00,1.582571963
2021-07-29 11:45:00,1.791078017
2021-07-29 12:00:00,1.539891426
2021-07-29 12:15:00,1.773217355
2021-07-29 12:30:00,1.499966915
2021-07-29 12:45:00,1.392438829
2021-07-29 13:00:00,1.372205303
2021-07-29 13:15:00,2.032207597
2021-07-29 13:30:00,1.493683802
2021-07-29 13:45:00,1.49477887
2021-07-29 14:00:00,1.519447018
2021-07-29 14:15:00,1.621222215
2021-07-29 14:30:00,1.342527233
2021-07-29 14:45:00,1.339868761
2021-07-29 15:00:00,1.600587753
2021-07-29 15:15:00,1.194379611
2021-07-29 15:30:00,1.592623018
2021-07-29 15:45:00,1.116511547
2021-07-29 16:00:00,1.717338701
2021-07-29 16:15:00,1.341351545
2021-07-29 16:30:00,1.582919469
2021-07-29 16:45:00,1.909463792
2021-07-29 17:00:00,2.718166227
2021-07-29 17:15:00,3.273433492
2021-07-29 17:30:00,4.039268669
2021-07-29 17:45:00,4.094625458
2021-07-29 18:00:00,4.136078946
2021-07-29 18:15:00,4.68909451
2021-07-29 18:30:00,4.380816529
2021-07-29 18:45:00,4.379350647
2021-07-29 19:00:00,4.097778304
2021-07-29 19:15:00,4.07530288
2021-07-29 19:30:00,3.772410112
2021-07-29 19:45:00,3.563280267
2021-07-29 20:00:00,3.707889113
2021-07-29 20:15:00,3.672029301
2021-07-29 20:30:00,3.646158522
2021-07-29 20:45:00,3.381324059
2021-07-29 21:00:00,3.013001477
2021-07-29 21:15:00,2.982065768
2021-07-29 21:30:00,2.853661246
2021-07-29 21:45:00,2.807869676
2021-07-29 22:00:00,2.40494052
2021-07-29 22:15:00,2.049991716
2021-07-29 22:30:00,1.55443052
2021-07-29 22:45:00,1.559758919
2021-07-29 23:00:00,1.184801567
2021-07-29 23:15:00,1.480094
2021-07-29 23:30:00,1.737599382
2021-07-29 23:45:00,1.867486176
2021-07-30 00:00:00,1.777830777
2021-07-30 00:15:00,2.236681797
2021-07-30 00:30:00,1.915425362
2021-07-30 00:45:00,2.25017726
2021-07-30 01:00:00,2.218915279
2021-07-30 01:15:00,1.730108574
2021-07-30 01:30:00,1.829923585
2021-07-30 01:45:00,2.274598297
2021-07-30 02:00:00,2.157109297
2021-07-30 02:15:00,2.110893085
2021-07-30 02:30:00,2.164435724
2021-07-30 02:45:00,2.269790788
2021-07-30 03:00:00,2.401310769
2021-07-30 03:15:00,2.161706861
2021-07-30 03:30:00,2.101954617
2021-07-30 03:45:00,2.200528396
2021-07-30 04:00:00,2.025491329
2021-07-30 04:15:00,2.991826822
2021-07-30 04:30:00,3.050055947
2021-07-30 04:45:00,3.441539547
2021-07-30 05:00:00,3.923631913
2021-07-30 05:15:00,4.175400289
2021-07-30 05:30:00,4.675826739
2021-07-30 05:45:00,4.819654132
2021-07-30 06:00:00,4.241247419
2021-07-30 06:15:00,4.146069663
2021-07-30 06:30:00,4.131823367
2021-07-30 06:45:00,4.184933676
2021-07-30 07:00:00,4.045922151
2021-07-30 07:15:00,3.756152675
2021-07-30 07:30:00,3.799988491
2021-07-30 07:45:00,3.594559071
2021-07-30 08:00:00,3.821750385
2021-07-30 08:15:00,3.391597581
2021-07-30 08:30:00,3.254805595
2021-07-30 08:45:00,3.09644212
2021-07-30 09:00:00,2.903129328
2021-07-30 09:15:00,2.875722308
2021-07-30 09:30:00,2.716961267
2021-07-30 09:45:00,2.50592018
2021-07-30 10:00:00,2.271997599
2021-07-30 10:15:00,1.937992702
2021-07-30 10:30:00,1.917528025
2021-07-30 10:45:00,1.725655443
2021-07-30 11:00:00,1.690018483
2021-07-30 11:15:00,1.91714314
2021-07-30 11:30:00,1.892547921
2021-07-30 11:45:00,2.153720612
2021-07-30 12:00:00,2.29291976
2021-07-30 12:15:00,2.100404256
2021-07-30 12:30:00,2.284153077
2021-07-30 12:45:00,1.853741551
2021-07-30 13:00:00,1.884213083
2021-07-30 13:15:00,1.825247912
2021-07-30 13:30:00,2.162492438
2021-07-30 13:45:00,1.857111994
2021-07-30 14:00:00,2.050930014
2021-07-30 14:15:00,2.18727349
2021-07-30 14:30:00,2.004781718
2021-07-30 14:45:00,1.90558611
2021-07-30 15:00:00,1.821181695
2021-07-30 15:15:00,1.852944226
2021-07-30 15:30:00,1.683416482
2021-07-30 15:45:00,1.889439969
2021-07-30 16:00:00,1.817060539
2021-07-30 16:15:00,2.264018341
2021-07-30 16:30:00,1.97582297
2021-07-30 16:45:00,1.650069471
2021-07-30 17:00:00,2.263284089
2021-07-30 17:15:00,2.907717532
2021-07-30 17:30:00,2.559844018
2021-07-30 17:45:00,2.57838383
2021-07-30 18:00:00,3.837096738
2021-07-30 18:15:00,4.09144669
2021-07-30 18:30:00,4.447732767
2021-07-30 18:45:00,3.925718947
2021-07-30 19:00:00,4.294883503
2021-07-30 19:15:00,3.974315256
2021-07-30 19:30:00,3.820637797
2021-07-30 19:45:00,3.686339329
2021-07-30 20:00:00,3.734589011
2021-07-30 20:15:00,3.500467887
2021-07-30 20:30:00,3.389310976
2021-07-30 20:45:00,3.270673756
2021-07-30 21:00:00,3.094564195
2021-07-30 21:15:00,3.076404624
2021-07-30 21:30:00,2.992218365
2021-07-30 21:45:00,2.906650561
2021-07-30 22:00:00,2.528910936
2021-07-30 22:15:00,2.534207034
2021-07-30 22:30:00,2.253864772
2021-07-30 22:45:00,1.974381091
2021-07-30 23:00:00,1.770237599
2021-07-30 23:15:00,1.645372319
2021-07-30 23:30:00,1.630502577
2021-07-30 23:45:00,1.404262857
2021-07-31 00:00:00,1.465097511
2021-07-31 00:15:00,1.965211964
2021-07-31 00:30:00,1.596952109
2021-07-31 00:45:00,1.790444824
2021-07-31 01:00:00,1.989680311
2021-07-31 01:15:00,1.840390279
2021-07-31 01:30:00,2.087597517
2021-07-31 01:45:00,1.749746978
2021-07-31 02:00:00,1.840808622
2021-07-31 02:15:00,1.820505709
2021-07-31 02:30:00,2.09321312
2021-07-31 02:45:00,2.003799233
2021-07-31 03:00:00,2.165460664
2021-07-31 03:15:00,1.602540588
2021-07-31 03:30:00,1.878218835
2021-07-31 03:45:00,2.157366615
2021-07-31 04:00:00,1.909810139
2021-07-31 04:15:00,2.210944329
2021-07-31 04:30:00,2.073448762
2021-07-31 04:45:00,2.410466016
2021-07-31 05:00:00,2.369991632
2021-07-31 05:15:00,2.892221044
2021-07-31 05:30:00,3.26827513
2021-07-31 05:45:00,3.226993258
2021-07-31 06:00:00,3.435243081
2021-07-31 06:15:00,3.165968873
2021-07-31 06:30:00,3.24068144
2021-07-31 06:45:00,3.103476234
2021-07-31 07:00:00,3.012141131
2021-07-31 07:15:00,2.81985855
2021-07-31 07:30:00,2.74241825
2021-07-31 07:45:00,2.540066778
2021-07-31 08:00:00,2.656508175
2021-07-31 08:15:00,2.473292735
2021-07-31 08:30:00,2.495422948
2021-07-31 08:45:00,2.328686404
2021-07-31 09:00:00,2.284422363
2021-07-31 09:15:00,2.151077691
2021-07-31 09:30:00,2.047587973
2021-07-31 09:45:00,1.971907269
2021-07-31 10:00:00,1.833087561
2021-07-31 10:15:00,1.723238625
2021-07-31 10:30:00,1.437633505
2021-07-31 10:45:00,1.461409596
2021-07-31 11:00:00,1.37110298
2021-07-31 11:15:00,1.345210324
2021-07-31 11:30:00,1.231710812
2021-07-31 11:45:00,1.329385008
2021-07-31 12:00:00,1.353498489
2021-07-31 12:15:00,1.138673158
2021-07-31 12:30:00,1.352410058
2021-07-31 12:45:00,1.345908394
2021-07-31 13:00:00,1.396607064
2021-07-31 13:15:00,1.456595414
2021-07-31 13:30:00,1.575674268
2021-07-31 13:45:00,1.458201301
2021-07-31 14:00:00,1.458318594
2021-07-31 14:15:00,1.456899145
2021-07-31 14:30:00,1.387218459
2021-07-31 14:45:00,1.440491398
2021-07-31 15:00:00,1.312267292
2021-07-31 15:15:00,1.361797779
2021-07-31 15:30:00,1.317506435
2021-07-31 15:45:00,1.149899917
2021-07-31 16:00:00,1.338688187
2021-07-31 16:15:00,1.263735584
2021-07-31 16:30:00,1.111568921
2021-07-31 16:45:00,1.333062138
2021-07-31 17:00:00,1.76029838
2021-07-31 17:15:00,1.694821193
2021-07-31 17:30:00,1.735050482
2021-07-31 17:45:00,1.590749124
2021-07-31 18:00:00,1.782693035
2021-07-31 18:15:00,2.306856808
2021-07-31 18:30:00,2.826542424
2021-07-31 18:45:00,3.550253774
2021-07-31 19:00:00,3.501954446
2021-07-31 19:15:00,3.592434095
2021-07-31 19:30:00,3.48231384
2021-07-31 19:45:00,3.16711685
2021-07-31 20:00:00,3.338697751
2021-07-31 20:15:00,3.273811532
2021-07-31 20:30:00,3.219788521
2021-07-31 20:45:00,3.321503817
2021-07-31 21:00:00,2.902039674
2021-07-31 21:15:00,2.781400916
2021-07-31 21:30:00,2.597193289
2021-07-31 21:45:00,2.503576146
2021-07-31 22:00:00,2.318470017
2021-07-31 22:15:00,2.253539169
2021-07-31 22:30:00,2.22725921
2021-07-31 22:45:00,2.251423565
2021-07-31 23:00:00,2.162463209
2021-07-31 23:15:00,1.806439503
2021-07-31 23:30:00,1.640726
2021-07-31 23:45:00,1.317901715
baseflow+tide,"      baseflow+tide
0          1.697394
1          1.660265
2          1.662247
3          1.654872
4          1.681271
...             ...
2969       2.232702
2970       2.246011
2971       2.306154
2972       2.330946
2973       2.379244

[2974 rows x 1 columns]"
baseflow+tide+runoff,"      baseflow+tide+runoff
0                 1.697394
1                 1.660265
2                 1.662247
3                 1.654872
4                 1.681271
...                    ...
2969              2.232702
2970              2.246011
2971              2.306154
2972              2.330946
2973              2.379244

[2974 rows x 1 columns]"
